序号	变量名	数据类型	隐藏初始值	初始值	掉电保持	网络公开	注释	软元件地址	node_id
1	传感器状态_上位机	ST_BOOL16[10]		...	保持	公有		R10000	
	传感器状态_上位机[0]	ST_BOOL16							
	传感器状态_上位机[0].NO	BOOL[16]							ns=4;s=上位机通讯|传感器状态_上位机[0].NO
	传感器状态_上位机[0].NO[0]	BOOL		OFF			TIP工位1	R10000.0	ns=4;s=上位机通讯|传感器状态_上位机[0].NO[0]
	传感器状态_上位机[0].NO[1]	BOOL		OFF			TIP工位2	R10000.1	ns=4;s=上位机通讯|传感器状态_上位机[0].NO[1]
	传感器状态_上位机[0].NO[2]	BOOL					TIP工位3	R10000.2	ns=4;s=上位机通讯|传感器状态_上位机[0].NO[2]
	传感器状态_上位机[0].NO[3]	BOOL					TIP工位4	R10000.3	ns=4;s=上位机通讯|传感器状态_上位机[0].NO[3]
	传感器状态_上位机[0].NO[4]	BOOL					TIP工位5	R10000.4	ns=4;s=上位机通讯|传感器状态_上位机[0].NO[4]
	传感器状态_上位机[0].NO[5]	BOOL					TIP工位6	R10000.5	ns=4;s=上位机通讯|传感器状态_上位机[0].NO[5]
	传感器状态_上位机[0].NO[6]	BOOL		OFF			未使用烧杯1-1	R10000.6	ns=4;s=上位机通讯|传感器状态_上位机[0].NO[6]
	传感器状态_上位机[0].NO[7]	BOOL		OFF			未使用烧杯1-2	R10000.7	ns=4;s=上位机通讯|传感器状态_上位机[0].NO[7]
	传感器状态_上位机[0].NO[8]	BOOL		OFF			未使用烧杯1-3	R10000.8	ns=4;s=上位机通讯|传感器状态_上位机[0].NO[8]
	传感器状态_上位机[0].NO[9]	BOOL		OFF			未使用烧杯1-4	R10000.9	ns=4;s=上位机通讯|传感器状态_上位机[0].NO[9]
	传感器状态_上位机[0].NO[10]	BOOL		OFF			未使用烧杯1-5	R10000.10	ns=4;s=上位机通讯|传感器状态_上位机[0].NO[10]
	传感器状态_上位机[0].NO[11]	BOOL		OFF			未使用烧杯1-6	R10000.11	ns=4;s=上位机通讯|传感器状态_上位机[0].NO[11]
	传感器状态_上位机[0].NO[12]	BOOL		OFF			未使用烧杯2-1	R10000.12	ns=4;s=上位机通讯|传感器状态_上位机[0].NO[12]
	传感器状态_上位机[0].NO[13]	BOOL		OFF			未使用烧杯2-2	R10000.13	ns=4;s=上位机通讯|传感器状态_上位机[0].NO[13]
	传感器状态_上位机[0].NO[14]	BOOL		OFF			未使用烧杯2-3	R10000.14	ns=4;s=上位机通讯|传感器状态_上位机[0].NO[14]
	传感器状态_上位机[0].NO[15]	BOOL		OFF			未使用烧杯2-4	R10000.15	ns=4;s=上位机通讯|传感器状态_上位机[0].NO[15]
	传感器状态_上位机[1]	ST_BOOL16							
	传感器状态_上位机[1].NO	BOOL[16]							ns=4;s=上位机通讯|传感器状态_上位机[1].NO
	传感器状态_上位机[1].NO[0]	BOOL		OFF			未使用烧杯2-5	R10001.0	ns=4;s=上位机通讯|传感器状态_上位机[1].NO[0]
	传感器状态_上位机[1].NO[1]	BOOL		OFF			未使用烧杯2-6	R10001.1	ns=4;s=上位机通讯|传感器状态_上位机[1].NO[1]
	传感器状态_上位机[1].NO[2]	BOOL		OFF			未使用烧杯3-1	R10001.2	ns=4;s=上位机通讯|传感器状态_上位机[1].NO[2]
	传感器状态_上位机[1].NO[3]	BOOL		OFF			未使用烧杯3-2	R10001.3	ns=4;s=上位机通讯|传感器状态_上位机[1].NO[3]
	传感器状态_上位机[1].NO[4]	BOOL		OFF			未使用烧杯3-3	R10001.4	ns=4;s=上位机通讯|传感器状态_上位机[1].NO[4]
	传感器状态_上位机[1].NO[5]	BOOL		OFF			未使用烧杯3-4	R10001.5	ns=4;s=上位机通讯|传感器状态_上位机[1].NO[5]
	传感器状态_上位机[1].NO[6]	BOOL		OFF			未使用烧杯3-5	R10001.6	ns=4;s=上位机通讯|传感器状态_上位机[1].NO[6]
	传感器状态_上位机[1].NO[7]	BOOL		OFF			未使用烧杯3-6	R10001.7	ns=4;s=上位机通讯|传感器状态_上位机[1].NO[7]
	传感器状态_上位机[1].NO[8]	BOOL		OFF			未使用样品瓶1-1	R10001.8	ns=4;s=上位机通讯|传感器状态_上位机[1].NO[8]
	传感器状态_上位机[1].NO[9]	BOOL		OFF			未使用样品瓶1-2	R10001.9	ns=4;s=上位机通讯|传感器状态_上位机[1].NO[9]
	传感器状态_上位机[1].NO[10]	BOOL		OFF			未使用样品瓶1-3	R10001.10	ns=4;s=上位机通讯|传感器状态_上位机[1].NO[10]
	传感器状态_上位机[1].NO[11]	BOOL		OFF			未使用样品瓶1-4	R10001.11	ns=4;s=上位机通讯|传感器状态_上位机[1].NO[11]
	传感器状态_上位机[1].NO[12]	BOOL		OFF			未使用样品瓶1-5	R10001.12	ns=4;s=上位机通讯|传感器状态_上位机[1].NO[12]
	传感器状态_上位机[1].NO[13]	BOOL		OFF			未使用样品瓶1-6	R10001.13	ns=4;s=上位机通讯|传感器状态_上位机[1].NO[13]
	传感器状态_上位机[1].NO[14]	BOOL		OFF			未使用样品瓶2-1	R10001.14	ns=4;s=上位机通讯|传感器状态_上位机[1].NO[14]
	传感器状态_上位机[1].NO[15]	BOOL		OFF			未使用样品瓶2-2	R10001.15	ns=4;s=上位机通讯|传感器状态_上位机[1].NO[15]
	传感器状态_上位机[2]	ST_BOOL16							
	传感器状态_上位机[2].NO	BOOL[16]							ns=4;s=上位机通讯|传感器状态_上位机[2].NO
	传感器状态_上位机[2].NO[0]	BOOL		OFF			未使用样品瓶2-3	R10002.0	ns=4;s=上位机通讯|传感器状态_上位机[2].NO[0]
	传感器状态_上位机[2].NO[1]	BOOL		OFF			未使用样品瓶2-4	R10002.1	ns=4;s=上位机通讯|传感器状态_上位机[2].NO[1]
	传感器状态_上位机[2].NO[2]	BOOL		OFF			未使用样品瓶2-5	R10002.2	ns=4;s=上位机通讯|传感器状态_上位机[2].NO[2]
	传感器状态_上位机[2].NO[3]	BOOL		OFF			未使用样品瓶2-6	R10002.3	ns=4;s=上位机通讯|传感器状态_上位机[2].NO[3]
	传感器状态_上位机[2].NO[4]	BOOL		OFF			未使用样品瓶3-1	R10002.4	ns=4;s=上位机通讯|传感器状态_上位机[2].NO[4]
	传感器状态_上位机[2].NO[5]	BOOL		OFF			未使用样品瓶3-2	R10002.5	ns=4;s=上位机通讯|传感器状态_上位机[2].NO[5]
	传感器状态_上位机[2].NO[6]	BOOL		OFF			未使用样品瓶3-3	R10002.6	ns=4;s=上位机通讯|传感器状态_上位机[2].NO[6]
	传感器状态_上位机[2].NO[7]	BOOL		OFF			未使用样品瓶3-4	R10002.7	ns=4;s=上位机通讯|传感器状态_上位机[2].NO[7]
	传感器状态_上位机[2].NO[8]	BOOL		OFF			未使用样品瓶3-5	R10002.8	ns=4;s=上位机通讯|传感器状态_上位机[2].NO[8]
	传感器状态_上位机[2].NO[9]	BOOL		OFF			未使用样品瓶3-6	R10002.9	ns=4;s=上位机通讯|传感器状态_上位机[2].NO[9]
	传感器状态_上位机[2].NO[10]	BOOL		OFF			搅拌1-1	R10002.10	ns=4;s=上位机通讯|传感器状态_上位机[2].NO[10]
	传感器状态_上位机[2].NO[11]	BOOL		OFF			搅拌1-2	R10002.11	ns=4;s=上位机通讯|传感器状态_上位机[2].NO[11]
	传感器状态_上位机[2].NO[12]	BOOL		OFF			搅拌1-3	R10002.12	ns=4;s=上位机通讯|传感器状态_上位机[2].NO[12]
	传感器状态_上位机[2].NO[13]	BOOL		OFF			搅拌2-1	R10002.13	ns=4;s=上位机通讯|传感器状态_上位机[2].NO[13]
	传感器状态_上位机[2].NO[14]	BOOL		OFF			搅拌2-2	R10002.14	ns=4;s=上位机通讯|传感器状态_上位机[2].NO[14]
	传感器状态_上位机[2].NO[15]	BOOL		OFF			搅拌2-3	R10002.15	ns=4;s=上位机通讯|传感器状态_上位机[2].NO[15]
	传感器状态_上位机[3]	ST_BOOL16							
	传感器状态_上位机[3].NO	BOOL[16]							ns=4;s=上位机通讯|传感器状态_上位机[3].NO
	传感器状态_上位机[3].NO[0]	BOOL					拍照有料检测	R10003.0	ns=4;s=上位机通讯|传感器状态_上位机[3].NO[0]
	传感器状态_上位机[3].NO[1]	BOOL		OFF			加溶剂检测	R10003.1	ns=4;s=上位机通讯|传感器状态_上位机[3].NO[1]
	传感器状态_上位机[3].NO[2]	BOOL		OFF				R10003.2	ns=4;s=上位机通讯|传感器状态_上位机[3].NO[2]
	传感器状态_上位机[3].NO[3]	BOOL		OFF				R10003.3	ns=4;s=上位机通讯|传感器状态_上位机[3].NO[3]
	传感器状态_上位机[3].NO[4]	BOOL		OFF				R10003.4	ns=4;s=上位机通讯|传感器状态_上位机[3].NO[4]
	传感器状态_上位机[3].NO[5]	BOOL		OFF				R10003.5	ns=4;s=上位机通讯|传感器状态_上位机[3].NO[5]
	传感器状态_上位机[3].NO[6]	BOOL		OFF			机械手夹爪产品感应	R10003.6	ns=4;s=上位机通讯|传感器状态_上位机[3].NO[6]
	传感器状态_上位机[3].NO[7]	BOOL		OFF				R10003.7	ns=4;s=上位机通讯|传感器状态_上位机[3].NO[7]
	传感器状态_上位机[3].NO[8]	BOOL		OFF			固体粉末容器1-1	R10003.8	ns=4;s=上位机通讯|传感器状态_上位机[3].NO[8]
	传感器状态_上位机[3].NO[9]	BOOL		OFF			固体粉末容器1-2	R10003.9	ns=4;s=上位机通讯|传感器状态_上位机[3].NO[9]
	传感器状态_上位机[3].NO[10]	BOOL		OFF			固体粉末容器1-3	R10003.10	ns=4;s=上位机通讯|传感器状态_上位机[3].NO[10]
	传感器状态_上位机[3].NO[11]	BOOL		OFF			固体粉末容器2-1	R10003.11	ns=4;s=上位机通讯|传感器状态_上位机[3].NO[11]
	传感器状态_上位机[3].NO[12]	BOOL		OFF			固体粉末容器2-2	R10003.12	ns=4;s=上位机通讯|传感器状态_上位机[3].NO[12]
	传感器状态_上位机[3].NO[13]	BOOL		OFF			固体粉末容器2-3	R10003.13	ns=4;s=上位机通讯|传感器状态_上位机[3].NO[13]
	传感器状态_上位机[3].NO[14]	BOOL					开盖工位1	R10003.14	ns=4;s=上位机通讯|传感器状态_上位机[3].NO[14]
	传感器状态_上位机[3].NO[15]	BOOL					开盖工位2	R10003.15	ns=4;s=上位机通讯|传感器状态_上位机[3].NO[15]
	传感器状态_上位机[4]	ST_BOOL16							
	传感器状态_上位机[4].NO	BOOL[16]							ns=4;s=上位机通讯|传感器状态_上位机[4].NO
	传感器状态_上位机[4].NO[0]	BOOL					放瓶盖工位1	R10004.0	ns=4;s=上位机通讯|传感器状态_上位机[4].NO[0]
	传感器状态_上位机[4].NO[1]	BOOL					放瓶盖工位2	R10004.1	ns=4;s=上位机通讯|传感器状态_上位机[4].NO[1]
	传感器状态_上位机[4].NO[2]	BOOL					放瓶盖工位3	R10004.2	ns=4;s=上位机通讯|传感器状态_上位机[4].NO[2]
	传感器状态_上位机[4].NO[3]	BOOL					放瓶盖工位4	R10004.3	ns=4;s=上位机通讯|传感器状态_上位机[4].NO[3]
	传感器状态_上位机[4].NO[4]	BOOL					放瓶盖工位5	R10004.4	ns=4;s=上位机通讯|传感器状态_上位机[4].NO[4]
	传感器状态_上位机[4].NO[5]	BOOL					TIP试剂盒检测1	R10004.5	ns=4;s=上位机通讯|传感器状态_上位机[4].NO[5]
	传感器状态_上位机[4].NO[6]	BOOL					TIP试剂盒检测2	R10004.6	ns=4;s=上位机通讯|传感器状态_上位机[4].NO[6]
	传感器状态_上位机[4].NO[7]	BOOL					加液体工位1	R10004.7	ns=4;s=上位机通讯|传感器状态_上位机[4].NO[7]
	传感器状态_上位机[4].NO[8]	BOOL					加液体工位2	R10004.8	ns=4;s=上位机通讯|传感器状态_上位机[4].NO[8]
	传感器状态_上位机[4].NO[9]	BOOL					加液体工位3	R10004.9	ns=4;s=上位机通讯|传感器状态_上位机[4].NO[9]
	传感器状态_上位机[4].NO[10]	BOOL					加液体工位4	R10004.10	ns=4;s=上位机通讯|传感器状态_上位机[4].NO[10]
	传感器状态_上位机[4].NO[11]	BOOL					加液体工位5	R10004.11	ns=4;s=上位机通讯|传感器状态_上位机[4].NO[11]
	传感器状态_上位机[4].NO[12]	BOOL		OFF			液体试剂瓶1-1	R10004.12	ns=4;s=上位机通讯|传感器状态_上位机[4].NO[12]
	传感器状态_上位机[4].NO[13]	BOOL		OFF			液体试剂瓶1-2	R10004.13	ns=4;s=上位机通讯|传感器状态_上位机[4].NO[13]
	传感器状态_上位机[4].NO[14]	BOOL		OFF			液体试剂瓶1-3	R10004.14	ns=4;s=上位机通讯|传感器状态_上位机[4].NO[14]
	传感器状态_上位机[4].NO[15]	BOOL		OFF			液体试剂瓶1-4	R10004.15	ns=4;s=上位机通讯|传感器状态_上位机[4].NO[15]
	传感器状态_上位机[5]	ST_BOOL16							
	传感器状态_上位机[5].NO	BOOL[16]							ns=4;s=上位机通讯|传感器状态_上位机[5].NO
	传感器状态_上位机[5].NO[0]	BOOL		OFF			液体试剂瓶1-5	R10005.0	ns=4;s=上位机通讯|传感器状态_上位机[5].NO[0]
	传感器状态_上位机[5].NO[1]	BOOL		OFF			液体试剂瓶2-1	R10005.1	ns=4;s=上位机通讯|传感器状态_上位机[5].NO[1]
	传感器状态_上位机[5].NO[2]	BOOL		OFF			液体试剂瓶2-2	R10005.2	ns=4;s=上位机通讯|传感器状态_上位机[5].NO[2]
	传感器状态_上位机[5].NO[3]	BOOL		OFF			液体试剂瓶2-3	R10005.3	ns=4;s=上位机通讯|传感器状态_上位机[5].NO[3]
	传感器状态_上位机[5].NO[4]	BOOL		OFF			液体试剂瓶2-4	R10005.4	ns=4;s=上位机通讯|传感器状态_上位机[5].NO[4]
	传感器状态_上位机[5].NO[5]	BOOL		OFF			液体试剂瓶2-5	R10005.5	ns=4;s=上位机通讯|传感器状态_上位机[5].NO[5]
	传感器状态_上位机[5].NO[6]	BOOL		OFF			液体试剂瓶3-1	R10005.6	ns=4;s=上位机通讯|传感器状态_上位机[5].NO[6]
	传感器状态_上位机[5].NO[7]	BOOL		OFF			液体试剂瓶3-2	R10005.7	ns=4;s=上位机通讯|传感器状态_上位机[5].NO[7]
	传感器状态_上位机[5].NO[8]	BOOL		OFF			液体试剂瓶3-3	R10005.8	ns=4;s=上位机通讯|传感器状态_上位机[5].NO[8]
	传感器状态_上位机[5].NO[9]	BOOL		OFF			液体试剂瓶3-4	R10005.9	ns=4;s=上位机通讯|传感器状态_上位机[5].NO[9]
	传感器状态_上位机[5].NO[10]	BOOL		OFF			液体试剂瓶3-5	R10005.10	ns=4;s=上位机通讯|传感器状态_上位机[5].NO[10]
	传感器状态_上位机[5].NO[11]	BOOL		OFF			液体试剂瓶4-1	R10005.11	ns=4;s=上位机通讯|传感器状态_上位机[5].NO[11]
	传感器状态_上位机[5].NO[12]	BOOL		OFF			液体试剂瓶4-2	R10005.12	ns=4;s=上位机通讯|传感器状态_上位机[5].NO[12]
	传感器状态_上位机[5].NO[13]	BOOL		OFF			液体试剂瓶4-3	R10005.13	ns=4;s=上位机通讯|传感器状态_上位机[5].NO[13]
	传感器状态_上位机[5].NO[14]	BOOL		OFF			液体试剂瓶4-4	R10005.14	ns=4;s=上位机通讯|传感器状态_上位机[5].NO[14]
	传感器状态_上位机[5].NO[15]	BOOL		OFF			液体试剂瓶4-5	R10005.15	ns=4;s=上位机通讯|传感器状态_上位机[5].NO[15]
	传感器状态_上位机[6]	ST_BOOL16							
	传感器状态_上位机[6].NO	BOOL[16]							ns=4;s=上位机通讯|传感器状态_上位机[6].NO
	传感器状态_上位机[6].NO[0]	BOOL		OFF			使用烧杯1-1	R10006.0	ns=4;s=上位机通讯|传感器状态_上位机[6].NO[0]
	传感器状态_上位机[6].NO[1]	BOOL		OFF			使用烧杯1-2	R10006.1	ns=4;s=上位机通讯|传感器状态_上位机[6].NO[1]
	传感器状态_上位机[6].NO[2]	BOOL		OFF			使用烧杯1-3	R10006.2	ns=4;s=上位机通讯|传感器状态_上位机[6].NO[2]
	传感器状态_上位机[6].NO[3]	BOOL		OFF			使用烧杯1-4	R10006.3	ns=4;s=上位机通讯|传感器状态_上位机[6].NO[3]
	传感器状态_上位机[6].NO[4]	BOOL		OFF			使用烧杯1-5	R10006.4	ns=4;s=上位机通讯|传感器状态_上位机[6].NO[4]
	传感器状态_上位机[6].NO[5]	BOOL		OFF			使用烧杯1-6	R10006.5	ns=4;s=上位机通讯|传感器状态_上位机[6].NO[5]
	传感器状态_上位机[6].NO[6]	BOOL		OFF			使用烧杯2-1	R10006.6	ns=4;s=上位机通讯|传感器状态_上位机[6].NO[6]
	传感器状态_上位机[6].NO[7]	BOOL		OFF			使用烧杯2-2	R10006.7	ns=4;s=上位机通讯|传感器状态_上位机[6].NO[7]
	传感器状态_上位机[6].NO[8]	BOOL		OFF			使用烧杯2-3	R10006.8	ns=4;s=上位机通讯|传感器状态_上位机[6].NO[8]
	传感器状态_上位机[6].NO[9]	BOOL		OFF			使用烧杯2-4	R10006.9	ns=4;s=上位机通讯|传感器状态_上位机[6].NO[9]
	传感器状态_上位机[6].NO[10]	BOOL		OFF			使用烧杯2-5	R10006.10	ns=4;s=上位机通讯|传感器状态_上位机[6].NO[10]
	传感器状态_上位机[6].NO[11]	BOOL		OFF			使用烧杯2-6	R10006.11	ns=4;s=上位机通讯|传感器状态_上位机[6].NO[11]
	传感器状态_上位机[6].NO[12]	BOOL		OFF			使用烧杯3-1	R10006.12	ns=4;s=上位机通讯|传感器状态_上位机[6].NO[12]
	传感器状态_上位机[6].NO[13]	BOOL		OFF			使用烧杯3-2	R10006.13	ns=4;s=上位机通讯|传感器状态_上位机[6].NO[13]
	传感器状态_上位机[6].NO[14]	BOOL		OFF			使用烧杯3-3	R10006.14	ns=4;s=上位机通讯|传感器状态_上位机[6].NO[14]
	传感器状态_上位机[6].NO[15]	BOOL		OFF			使用烧杯3-4	R10006.15	ns=4;s=上位机通讯|传感器状态_上位机[6].NO[15]
	传感器状态_上位机[7]	ST_BOOL16							
	传感器状态_上位机[7].NO	BOOL[16]							ns=4;s=上位机通讯|传感器状态_上位机[7].NO
	传感器状态_上位机[7].NO[0]	BOOL		OFF			使用烧杯3-5	R10007.0	ns=4;s=上位机通讯|传感器状态_上位机[7].NO[0]
	传感器状态_上位机[7].NO[1]	BOOL		OFF			使用烧杯3-6	R10007.1	ns=4;s=上位机通讯|传感器状态_上位机[7].NO[1]
	传感器状态_上位机[7].NO[2]	BOOL		OFF			使用样品瓶1-1	R10007.2	ns=4;s=上位机通讯|传感器状态_上位机[7].NO[2]
	传感器状态_上位机[7].NO[3]	BOOL		OFF			使用样品瓶1-2	R10007.3	ns=4;s=上位机通讯|传感器状态_上位机[7].NO[3]
	传感器状态_上位机[7].NO[4]	BOOL		OFF			使用样品瓶1-3	R10007.4	ns=4;s=上位机通讯|传感器状态_上位机[7].NO[4]
	传感器状态_上位机[7].NO[5]	BOOL		OFF			使用样品瓶1-4	R10007.5	ns=4;s=上位机通讯|传感器状态_上位机[7].NO[5]
	传感器状态_上位机[7].NO[6]	BOOL		OFF			使用样品瓶1-5	R10007.6	ns=4;s=上位机通讯|传感器状态_上位机[7].NO[6]
	传感器状态_上位机[7].NO[7]	BOOL		OFF			使用样品瓶1-6	R10007.7	ns=4;s=上位机通讯|传感器状态_上位机[7].NO[7]
	传感器状态_上位机[7].NO[8]	BOOL		OFF			使用样品瓶2-1	R10007.8	ns=4;s=上位机通讯|传感器状态_上位机[7].NO[8]
	传感器状态_上位机[7].NO[9]	BOOL		OFF			使用样品瓶2-2	R10007.9	ns=4;s=上位机通讯|传感器状态_上位机[7].NO[9]
	传感器状态_上位机[7].NO[10]	BOOL		OFF			使用样品瓶2-3	R10007.10	ns=4;s=上位机通讯|传感器状态_上位机[7].NO[10]
	传感器状态_上位机[7].NO[11]	BOOL		OFF			使用样品瓶2-4	R10007.11	ns=4;s=上位机通讯|传感器状态_上位机[7].NO[11]
	传感器状态_上位机[7].NO[12]	BOOL		OFF			使用样品瓶2-5	R10007.12	ns=4;s=上位机通讯|传感器状态_上位机[7].NO[12]
	传感器状态_上位机[7].NO[13]	BOOL		OFF			使用样品瓶2-6	R10007.13	ns=4;s=上位机通讯|传感器状态_上位机[7].NO[13]
	传感器状态_上位机[7].NO[14]	BOOL		OFF			使用样品瓶3-1	R10007.14	ns=4;s=上位机通讯|传感器状态_上位机[7].NO[14]
	传感器状态_上位机[7].NO[15]	BOOL		OFF			使用样品瓶3-2	R10007.15	ns=4;s=上位机通讯|传感器状态_上位机[7].NO[15]
	传感器状态_上位机[8]	ST_BOOL16							
	传感器状态_上位机[8].NO	BOOL[16]							ns=4;s=上位机通讯|传感器状态_上位机[8].NO
	传感器状态_上位机[8].NO[0]	BOOL		OFF			使用样品瓶3-3	R10008.0	ns=4;s=上位机通讯|传感器状态_上位机[8].NO[0]
	传感器状态_上位机[8].NO[1]	BOOL		OFF			使用样品瓶3-4	R10008.1	ns=4;s=上位机通讯|传感器状态_上位机[8].NO[1]
	传感器状态_上位机[8].NO[2]	BOOL		OFF			使用样品瓶3-5	R10008.2	ns=4;s=上位机通讯|传感器状态_上位机[8].NO[2]
	传感器状态_上位机[8].NO[3]	BOOL		OFF			使用样品瓶3-6	R10008.3	ns=4;s=上位机通讯|传感器状态_上位机[8].NO[3]
	传感器状态_上位机[8].NO[4]	BOOL		OFF				R10008.4	ns=4;s=上位机通讯|传感器状态_上位机[8].NO[4]
	传感器状态_上位机[8].NO[5]	BOOL		OFF				R10008.5	ns=4;s=上位机通讯|传感器状态_上位机[8].NO[5]
	传感器状态_上位机[8].NO[6]	BOOL		OFF				R10008.6	ns=4;s=上位机通讯|传感器状态_上位机[8].NO[6]
	传感器状态_上位机[8].NO[7]	BOOL		OFF				R10008.7	ns=4;s=上位机通讯|传感器状态_上位机[8].NO[7]
	传感器状态_上位机[8].NO[8]	BOOL		OFF				R10008.8	ns=4;s=上位机通讯|传感器状态_上位机[8].NO[8]
	传感器状态_上位机[8].NO[9]	BOOL		OFF				R10008.9	ns=4;s=上位机通讯|传感器状态_上位机[8].NO[9]
	传感器状态_上位机[8].NO[10]	BOOL		OFF				R10008.10	ns=4;s=上位机通讯|传感器状态_上位机[8].NO[10]
	传感器状态_上位机[8].NO[11]	BOOL		OFF				R10008.11	ns=4;s=上位机通讯|传感器状态_上位机[8].NO[11]
	传感器状态_上位机[8].NO[12]	BOOL		OFF				R10008.12	ns=4;s=上位机通讯|传感器状态_上位机[8].NO[12]
	传感器状态_上位机[8].NO[13]	BOOL		OFF				R10008.13	ns=4;s=上位机通讯|传感器状态_上位机[8].NO[13]
	传感器状态_上位机[8].NO[14]	BOOL		OFF				R10008.14	ns=4;s=上位机通讯|传感器状态_上位机[8].NO[14]
	传感器状态_上位机[8].NO[15]	BOOL		OFF				R10008.15	ns=4;s=上位机通讯|传感器状态_上位机[8].NO[15]
	传感器状态_上位机[9]	ST_BOOL16							
	传感器状态_上位机[9].NO	BOOL[16]							ns=4;s=上位机通讯|传感器状态_上位机[9].NO
	传感器状态_上位机[9].NO[0]	BOOL		OFF				R10009.0	ns=4;s=上位机通讯|传感器状态_上位机[9].NO[0]
	传感器状态_上位机[9].NO[1]	BOOL		OFF				R10009.1	ns=4;s=上位机通讯|传感器状态_上位机[9].NO[1]
	传感器状态_上位机[9].NO[2]	BOOL		OFF				R10009.2	ns=4;s=上位机通讯|传感器状态_上位机[9].NO[2]
	传感器状态_上位机[9].NO[3]	BOOL		OFF				R10009.3	ns=4;s=上位机通讯|传感器状态_上位机[9].NO[3]
	传感器状态_上位机[9].NO[4]	BOOL		OFF				R10009.4	ns=4;s=上位机通讯|传感器状态_上位机[9].NO[4]
	传感器状态_上位机[9].NO[5]	BOOL		OFF				R10009.5	ns=4;s=上位机通讯|传感器状态_上位机[9].NO[5]
	传感器状态_上位机[9].NO[6]	BOOL		OFF				R10009.6	ns=4;s=上位机通讯|传感器状态_上位机[9].NO[6]
	传感器状态_上位机[9].NO[7]	BOOL		OFF				R10009.7	ns=4;s=上位机通讯|传感器状态_上位机[9].NO[7]
	传感器状态_上位机[9].NO[8]	BOOL		OFF				R10009.8	ns=4;s=上位机通讯|传感器状态_上位机[9].NO[8]
	传感器状态_上位机[9].NO[9]	BOOL		OFF				R10009.9	ns=4;s=上位机通讯|传感器状态_上位机[9].NO[9]
	传感器状态_上位机[9].NO[10]	BOOL		OFF				R10009.10	ns=4;s=上位机通讯|传感器状态_上位机[9].NO[10]
	传感器状态_上位机[9].NO[11]	BOOL		OFF				R10009.11	ns=4;s=上位机通讯|传感器状态_上位机[9].NO[11]
	传感器状态_上位机[9].NO[12]	BOOL		OFF				R10009.12	ns=4;s=上位机通讯|传感器状态_上位机[9].NO[12]
	传感器状态_上位机[9].NO[13]	BOOL		OFF				R10009.13	ns=4;s=上位机通讯|传感器状态_上位机[9].NO[13]
	传感器状态_上位机[9].NO[14]	BOOL		OFF				R10009.14	ns=4;s=上位机通讯|传感器状态_上位机[9].NO[14]
	传感器状态_上位机[9].NO[15]	BOOL		OFF				R10009.15	ns=4;s=上位机通讯|传感器状态_上位机[9].NO[15]
2	物料二维码_上位机	INT[30]		...	保持	公有		R10010	ns=4;s=上位机通讯|物料二维码_上位机
	物料二维码_上位机[0]	INT		0				R10010	ns=4;s=上位机通讯|物料二维码_上位机[0]
	物料二维码_上位机[1]	INT		0				R10011	ns=4;s=上位机通讯|物料二维码_上位机[1]
	物料二维码_上位机[2]	INT		0				R10012	ns=4;s=上位机通讯|物料二维码_上位机[2]
	物料二维码_上位机[3]	INT		0				R10013	ns=4;s=上位机通讯|物料二维码_上位机[3]
	物料二维码_上位机[4]	INT		0				R10014	ns=4;s=上位机通讯|物料二维码_上位机[4]
	物料二维码_上位机[5]	INT		0				R10015	ns=4;s=上位机通讯|物料二维码_上位机[5]
	物料二维码_上位机[6]	INT		0				R10016	ns=4;s=上位机通讯|物料二维码_上位机[6]
	物料二维码_上位机[7]	INT		0				R10017	ns=4;s=上位机通讯|物料二维码_上位机[7]
	物料二维码_上位机[8]	INT		0				R10018	ns=4;s=上位机通讯|物料二维码_上位机[8]
	物料二维码_上位机[9]	INT		0				R10019	ns=4;s=上位机通讯|物料二维码_上位机[9]
	物料二维码_上位机[10]	INT		0				R10020	ns=4;s=上位机通讯|物料二维码_上位机[10]
	物料二维码_上位机[11]	INT		0				R10021	ns=4;s=上位机通讯|物料二维码_上位机[11]
	物料二维码_上位机[12]	INT		0				R10022	ns=4;s=上位机通讯|物料二维码_上位机[12]
	物料二维码_上位机[13]	INT		0				R10023	ns=4;s=上位机通讯|物料二维码_上位机[13]
	物料二维码_上位机[14]	INT		0				R10024	ns=4;s=上位机通讯|物料二维码_上位机[14]
	物料二维码_上位机[15]	INT		0				R10025	ns=4;s=上位机通讯|物料二维码_上位机[15]
	物料二维码_上位机[16]	INT		0				R10026	ns=4;s=上位机通讯|物料二维码_上位机[16]
	物料二维码_上位机[17]	INT		0				R10027	ns=4;s=上位机通讯|物料二维码_上位机[17]
	物料二维码_上位机[18]	INT		0				R10028	ns=4;s=上位机通讯|物料二维码_上位机[18]
	物料二维码_上位机[19]	INT		0				R10029	ns=4;s=上位机通讯|物料二维码_上位机[19]
	物料二维码_上位机[20]	INT		0				R10030	ns=4;s=上位机通讯|物料二维码_上位机[20]
	物料二维码_上位机[21]	INT		0				R10031	ns=4;s=上位机通讯|物料二维码_上位机[21]
	物料二维码_上位机[22]	INT		0				R10032	ns=4;s=上位机通讯|物料二维码_上位机[22]
	物料二维码_上位机[23]	INT		0				R10033	ns=4;s=上位机通讯|物料二维码_上位机[23]
	物料二维码_上位机[24]	INT		0				R10034	ns=4;s=上位机通讯|物料二维码_上位机[24]
	物料二维码_上位机[25]	INT		0				R10035	ns=4;s=上位机通讯|物料二维码_上位机[25]
	物料二维码_上位机[26]	INT		0				R10036	ns=4;s=上位机通讯|物料二维码_上位机[26]
	物料二维码_上位机[27]	INT		0				R10037	ns=4;s=上位机通讯|物料二维码_上位机[27]
	物料二维码_上位机[28]	INT		0				R10038	ns=4;s=上位机通讯|物料二维码_上位机[28]
	物料二维码_上位机[29]	INT		0				R10039	ns=4;s=上位机通讯|物料二维码_上位机[29]
3	S04数据清空	BOOL		OFF	保持	私有		R10100.4	ns=4;s=上位机通讯|S04数据清空
4	S041准备信号	BOOL		OFF	保持	公有	磁搅1_PLC TO PC 设备可以取放料	R10100.0	ns=4;s=上位机通讯|S041准备信号
5	S041磁搅状态	INT		0	保持	公有	磁搅1_PLC TO PC  1空闲，2Busy	R10101	ns=4;s=上位机通讯|S041磁搅状态
6	S041允许加工	BOOL		OFF	保持	公有	磁搅1_PLC TO PC 放料完成等待参数下发	R10100.1	ns=4;s=上位机通讯|S041允许加工
7	S041磁搅工艺选择	INT		0	保持	公有	磁搅工位1_PC TO PLC 1搅拌，2加热，3搅拌+加热	R10102	ns=4;s=上位机通讯|S041磁搅工艺选择
8	S041参数写入完成	BOOL		OFF	保持	公有	磁搅工位1_PC TO PLC 	R10100.2	ns=4;s=上位机通讯|S041参数写入完成
9	S041加工完成	BOOL		OFF	保持	公有	磁搅工位1_PLC TO PC	R10100.3	ns=4;s=上位机通讯|S041加工完成
10	S042准备信号	BOOL		OFF	保持	公有	磁搅工位2_PLC TO PC 设备可以取放料	R10110.0	ns=4;s=上位机通讯|S042准备信号
11	S042磁搅状态	INT		0	保持	公有	磁搅工位2_PLC TO PC  1空闲，2Busy	R10111	ns=4;s=上位机通讯|S042磁搅状态
12	S042允许加工	BOOL		OFF	保持	公有	磁搅工位2_PLC TO PC 放料完成等待参数下发	R10110.1	ns=4;s=上位机通讯|S042允许加工
13	S042磁搅工艺选择	INT		0	保持	公有	磁搅工位2_PC TO PLC 1搅拌，2加热，3搅拌+加热	R10112	ns=4;s=上位机通讯|S042磁搅工艺选择
14	S042参数写入完成	BOOL		OFF	保持	公有	磁搅工位2_PC TO PLC 	R10110.2	ns=4;s=上位机通讯|S042参数写入完成
15	S042加工完成	BOOL		OFF	保持	公有	磁搅工位2_PLC TO PC	R10110.3	ns=4;s=上位机通讯|S042加工完成
16	S043准备信号	BOOL		OFF	保持	公有	磁搅工位3_PLC TO PC 设备可以取放料	R10120.0	ns=4;s=上位机通讯|S043准备信号
17	S043磁搅状态	INT		0	保持	公有	磁搅工位3_PLC TO PC  1空闲，2Busy	R10121	ns=4;s=上位机通讯|S043磁搅状态
18	S043允许加工	BOOL		OFF	保持	公有	磁搅工位3_PLC TO PC 放料完成等待参数下发	R10120.1	ns=4;s=上位机通讯|S043允许加工
19	S043磁搅工艺选择	INT		0	保持	公有	磁搅工位3_PC TO PLC 1搅拌，2加热，3搅拌+加热	R10122	ns=4;s=上位机通讯|S043磁搅工艺选择
20	S043参数写入完成	BOOL		OFF	保持	公有	磁搅工位3_PC TO PLC 	R10120.2	ns=4;s=上位机通讯|S043参数写入完成
21	S043加工完成	BOOL		OFF	保持	公有	磁搅工位3_PLC TO PC	R10120.3	ns=4;s=上位机通讯|S043加工完成
22	S044准备信号	BOOL		OFF	保持	公有	磁搅工位4_PLC TO PC 设备可以取放料	R10130.0	ns=4;s=上位机通讯|S044准备信号
23	S044磁搅状态	INT		0	保持	公有	磁搅工位4_PLC TO PC  1空闲，2Busy	R10131	ns=4;s=上位机通讯|S044磁搅状态
24	S044允许加工	BOOL		OFF	保持	公有	磁搅工位4_PLC TO PC 放料完成等待参数下发	R10130.1	ns=4;s=上位机通讯|S044允许加工
25	S044磁搅工艺选择	INT		0	保持	公有	磁搅工位4_PC TO PLC 1搅拌，2加热，3搅拌+加热	R10132	ns=4;s=上位机通讯|S044磁搅工艺选择
26	S044参数写入完成	BOOL		OFF	保持	公有	磁搅工位4_PC TO PLC 	R10130.2	ns=4;s=上位机通讯|S044参数写入完成
27	S044加工完成	BOOL		OFF	保持	公有	磁搅工位4_PLC TO PC	R10130.3	ns=4;s=上位机通讯|S044加工完成
28	S045准备信号	BOOL		OFF	保持	公有	磁搅工位5_PLC TO PC 设备可以取放料	R10140.0	ns=4;s=上位机通讯|S045准备信号
29	S045磁搅状态	INT		0	保持	公有	磁搅工位5_PLC TO PC  1空闲，2Busy	R10141	ns=4;s=上位机通讯|S045磁搅状态
30	S045允许加工	BOOL		OFF	保持	公有	磁搅工位5_PLC TO PC 放料完成等待参数下发	R10140.1	ns=4;s=上位机通讯|S045允许加工
31	S045磁搅工艺选择	INT		0	保持	公有	磁搅工位5_PC TO PLC 1搅拌，2加热，3搅拌+加热	R10142	ns=4;s=上位机通讯|S045磁搅工艺选择
32	S045参数写入完成	BOOL		OFF	保持	公有	磁搅工位5_PC TO PLC 	R10140.2	ns=4;s=上位机通讯|S045参数写入完成
33	S045加工完成	BOOL		OFF	保持	公有	磁搅工位5_PLC TO PC	R10140.3	ns=4;s=上位机通讯|S045加工完成
34	S046准备信号	BOOL		OFF	保持	公有	磁搅工位6_PLC TO PC 设备可以取放料	R10150.0	ns=4;s=上位机通讯|S046准备信号
35	S046磁搅状态	INT		0	保持	公有	磁搅工位6_PLC TO PC  1空闲，2Busy	R10151	ns=4;s=上位机通讯|S046磁搅状态
36	S046允许加工	BOOL		OFF	保持	公有	磁搅工位6_PLC TO PC 放料完成等待参数下发	R10150.1	ns=4;s=上位机通讯|S046允许加工
37	S046磁搅工艺选择	INT		0	保持	公有	磁搅工位6_PC TO PLC 1搅拌，2加热，3搅拌+加热	R10152	ns=4;s=上位机通讯|S046磁搅工艺选择
38	S046参数写入完成	BOOL		OFF	保持	公有	磁搅工位6_PC TO PLC 	R10150.2	ns=4;s=上位机通讯|S046参数写入完成
39	S046加工完成	BOOL		OFF	保持	公有	磁搅工位6_PLC TO PC	R10150.3	ns=4;s=上位机通讯|S046加工完成
40	磁搅温度反馈_上位机	REAL[6]		...	保持	公有		R10160	ns=4;s=上位机通讯|磁搅温度反馈_上位机
	磁搅温度反馈_上位机[0]	REAL		0.000000				R10160	ns=4;s=上位机通讯|磁搅温度反馈_上位机[0]
	磁搅温度反馈_上位机[1]	REAL		0.000000				R10162	ns=4;s=上位机通讯|磁搅温度反馈_上位机[1]
	磁搅温度反馈_上位机[2]	REAL		0.000000				R10164	ns=4;s=上位机通讯|磁搅温度反馈_上位机[2]
	磁搅温度反馈_上位机[3]	REAL		0.000000				R10166	ns=4;s=上位机通讯|磁搅温度反馈_上位机[3]
	磁搅温度反馈_上位机[4]	REAL		0.000000				R10168	ns=4;s=上位机通讯|磁搅温度反馈_上位机[4]
	磁搅温度反馈_上位机[5]	REAL		0.000000				R10170	ns=4;s=上位机通讯|磁搅温度反馈_上位机[5]
41	磁搅速度设置_上位机	INT[6]		...	保持	公有		R10180	ns=4;s=上位机通讯|磁搅速度设置_上位机
	磁搅速度设置_上位机[0]	INT		0				R10180	ns=4;s=上位机通讯|磁搅速度设置_上位机[0]
	磁搅速度设置_上位机[1]	INT		0				R10181	ns=4;s=上位机通讯|磁搅速度设置_上位机[1]
	磁搅速度设置_上位机[2]	INT		0				R10182	ns=4;s=上位机通讯|磁搅速度设置_上位机[2]
	磁搅速度设置_上位机[3]	INT		0				R10183	ns=4;s=上位机通讯|磁搅速度设置_上位机[3]
	磁搅速度设置_上位机[4]	INT		0				R10184	ns=4;s=上位机通讯|磁搅速度设置_上位机[4]
	磁搅速度设置_上位机[5]	INT		0				R10185	ns=4;s=上位机通讯|磁搅速度设置_上位机[5]
42	磁搅温度设置_上位机	INT[6]		...	保持	公有		R10190	ns=4;s=上位机通讯|磁搅温度设置_上位机
	磁搅温度设置_上位机[0]	INT		0				R10190	ns=4;s=上位机通讯|磁搅温度设置_上位机[0]
	磁搅温度设置_上位机[1]	INT		0				R10191	ns=4;s=上位机通讯|磁搅温度设置_上位机[1]
	磁搅温度设置_上位机[2]	INT		0				R10192	ns=4;s=上位机通讯|磁搅温度设置_上位机[2]
	磁搅温度设置_上位机[3]	INT		0				R10193	ns=4;s=上位机通讯|磁搅温度设置_上位机[3]
	磁搅温度设置_上位机[4]	INT		0				R10194	ns=4;s=上位机通讯|磁搅温度设置_上位机[4]
	磁搅温度设置_上位机[5]	INT		0				R10195	ns=4;s=上位机通讯|磁搅温度设置_上位机[5]
43	磁搅时间设置_上位机	DINT[6]		...	保持	公有		R10200	ns=4;s=上位机通讯|磁搅时间设置_上位机
	磁搅时间设置_上位机[0]	DINT		30000				R10200	ns=4;s=上位机通讯|磁搅时间设置_上位机[0]
	磁搅时间设置_上位机[1]	DINT		30000				R10202	ns=4;s=上位机通讯|磁搅时间设置_上位机[1]
	磁搅时间设置_上位机[2]	DINT		30000				R10204	ns=4;s=上位机通讯|磁搅时间设置_上位机[2]
	磁搅时间设置_上位机[3]	DINT		30000				R10206	ns=4;s=上位机通讯|磁搅时间设置_上位机[3]
	磁搅时间设置_上位机[4]	DINT		30000				R10208	ns=4;s=上位机通讯|磁搅时间设置_上位机[4]
	磁搅时间设置_上位机[5]	DINT		30000				R10210	ns=4;s=上位机通讯|磁搅时间设置_上位机[5]
44	磁搅安全温度设置_上位机	INT[6]		...	保持	公有		R10220	ns=4;s=上位机通讯|磁搅安全温度设置_上位机
	磁搅安全温度设置_上位机[0]	INT		0				R10220	ns=4;s=上位机通讯|磁搅安全温度设置_上位机[0]
	磁搅安全温度设置_上位机[1]	INT		0				R10221	ns=4;s=上位机通讯|磁搅安全温度设置_上位机[1]
	磁搅安全温度设置_上位机[2]	INT		0				R10222	ns=4;s=上位机通讯|磁搅安全温度设置_上位机[2]
	磁搅安全温度设置_上位机[3]	INT		0				R10223	ns=4;s=上位机通讯|磁搅安全温度设置_上位机[3]
	磁搅安全温度设置_上位机[4]	INT		0				R10224	ns=4;s=上位机通讯|磁搅安全温度设置_上位机[4]
	磁搅安全温度设置_上位机[5]	INT		0				R10225	ns=4;s=上位机通讯|磁搅安全温度设置_上位机[5]
45	S05准备信号	BOOL		OFF	保持	公有	拍照工位机器人可取放料 PLC TO PC	R10230.0	ns=4;s=上位机通讯|S05准备信号
46	S05数据	INT[30]		...	保持	公有	S05 PC-PLC 照片命名		ns=4;s=上位机通讯|S05数据
	S05数据[0]	INT		16705					ns=4;s=上位机通讯|S05数据[0]
	S05数据[1]	INT		16962					ns=4;s=上位机通讯|S05数据[1]
	S05数据[2]	INT		16705					ns=4;s=上位机通讯|S05数据[2]
	S05数据[3]	INT		16962					ns=4;s=上位机通讯|S05数据[3]
	S05数据[4]	INT		16705					ns=4;s=上位机通讯|S05数据[4]
	S05数据[5]	INT		16962					ns=4;s=上位机通讯|S05数据[5]
	S05数据[6]	INT		16705					ns=4;s=上位机通讯|S05数据[6]
	S05数据[7]	INT		16962					ns=4;s=上位机通讯|S05数据[7]
	S05数据[8]	INT		0					ns=4;s=上位机通讯|S05数据[8]
	S05数据[9]	INT		0					ns=4;s=上位机通讯|S05数据[9]
	S05数据[10]	INT		0					ns=4;s=上位机通讯|S05数据[10]
	S05数据[11]	INT		0					ns=4;s=上位机通讯|S05数据[11]
	S05数据[12]	INT		0					ns=4;s=上位机通讯|S05数据[12]
	S05数据[13]	INT		0					ns=4;s=上位机通讯|S05数据[13]
	S05数据[14]	INT		0					ns=4;s=上位机通讯|S05数据[14]
	S05数据[15]	INT		0					ns=4;s=上位机通讯|S05数据[15]
	S05数据[16]	INT		0					ns=4;s=上位机通讯|S05数据[16]
	S05数据[17]	INT		0					ns=4;s=上位机通讯|S05数据[17]
	S05数据[18]	INT		0					ns=4;s=上位机通讯|S05数据[18]
	S05数据[19]	INT		0					ns=4;s=上位机通讯|S05数据[19]
	S05数据[20]	INT		0					ns=4;s=上位机通讯|S05数据[20]
	S05数据[21]	INT		0					ns=4;s=上位机通讯|S05数据[21]
	S05数据[22]	INT		0					ns=4;s=上位机通讯|S05数据[22]
	S05数据[23]	INT		0					ns=4;s=上位机通讯|S05数据[23]
	S05数据[24]	INT		0					ns=4;s=上位机通讯|S05数据[24]
	S05数据[25]	INT		0					ns=4;s=上位机通讯|S05数据[25]
	S05数据[26]	INT		0					ns=4;s=上位机通讯|S05数据[26]
	S05数据[27]	INT		0					ns=4;s=上位机通讯|S05数据[27]
	S05数据[28]	INT		0					ns=4;s=上位机通讯|S05数据[28]
	S05数据[29]	INT		0					ns=4;s=上位机通讯|S05数据[29]
47	S05拍照结果	INT		0	保持	公有	"拍照1OK	2NG  PLC TO PC"	R10231	ns=4;s=上位机通讯|S05拍照结果
48	S05加工完成	BOOL		OFF	保持	公有	拍照工位完成 PLC TO PC	R10230.1	ns=4;s=上位机通讯|S05加工完成
49	S06准备信号	BOOL		OFF	保持	公有	加溶液工位  PLC TO PC	R10300.0	ns=4;s=上位机通讯|S06准备信号
50	S06允许加工	BOOL		OFF	保持	公有	加溶液工位  放料完成等待参数下发 PLC TO PC	R10300.1	ns=4;s=上位机通讯|S06允许加工
51	S06工艺选择	INT		0	保持	公有	加溶液工位参数  PC TO PLC 1.只加1号溶液，2.只加2号溶液，3.1和2溶液都添加	R10301	ns=4;s=上位机通讯|S06工艺选择
52	S06_1号溶液添加量	INT		5	保持	公有	加溶液工位参数  PC TO PLC	R10302	ns=4;s=上位机通讯|S06_1号溶液添加量
53	S06_2号溶液添加量	INT		8	保持	公有	加溶液工位参数  PC TO PLC	R10303	ns=4;s=上位机通讯|S06_2号溶液添加量
54	S06参数写入完成	BOOL		OFF	保持	公有	加溶液工位  PC TO PLC	R10300.2	ns=4;s=上位机通讯|S06参数写入完成
55	S06加工完成	BOOL		OFF	保持	公有	加溶液工位  PLC TO PC	R10300.3	ns=4;s=上位机通讯|S06加工完成
56	S06数据清空	BOOL		OFF	保持	私有		R10300.4	ns=4;s=上位机通讯|S06数据清空
57	S08原点信号	BOOL		OFF	保持	公有	S08开关盖工位-PLC TO PC	R10400.0	ns=4;s=上位机通讯|S08原点信号
58	S082瓶盖暂存位	INT		0	保持	公有	取放瓶盖工位 PC TO PLC  1-5	R10401	ns=4;s=上位机通讯|S082瓶盖暂存位
59	S08允许加工	BOOL		OFF	保持	公有	S08开关盖工位-PLC TO PC 	R10400.1	ns=4;s=上位机通讯|S08允许加工
60	S08工艺选择	INT		0	保持	公有	S08开关盖工位-PC TO PLC 1-6	R10402	ns=4;s=上位机通讯|S08工艺选择
61	S08参数写入完成	BOOL		OFF	保持	公有	S08开关盖工位-PC TO PLC	R10400.2	ns=4;s=上位机通讯|S08参数写入完成
62	S08工艺完成	INT		0	保持	公有	S08开关盖工位-PLC TO PC 1-6	R10403	ns=4;s=上位机通讯|S08工艺完成
63	S082_1数据缓存	INT[30]		...	保持	公有	放瓶盖工位1二维码数据存放 PC-PLC		ns=4;s=上位机通讯|S082_1数据缓存
	S082_1数据缓存[0]	INT		0					ns=4;s=上位机通讯|S082_1数据缓存[0]
	S082_1数据缓存[1]	INT		0					ns=4;s=上位机通讯|S082_1数据缓存[1]
	S082_1数据缓存[2]	INT		0					ns=4;s=上位机通讯|S082_1数据缓存[2]
	S082_1数据缓存[3]	INT		0					ns=4;s=上位机通讯|S082_1数据缓存[3]
	S082_1数据缓存[4]	INT		0					ns=4;s=上位机通讯|S082_1数据缓存[4]
	S082_1数据缓存[5]	INT		0					ns=4;s=上位机通讯|S082_1数据缓存[5]
	S082_1数据缓存[6]	INT		0					ns=4;s=上位机通讯|S082_1数据缓存[6]
	S082_1数据缓存[7]	INT		0					ns=4;s=上位机通讯|S082_1数据缓存[7]
	S082_1数据缓存[8]	INT		0					ns=4;s=上位机通讯|S082_1数据缓存[8]
	S082_1数据缓存[9]	INT		0					ns=4;s=上位机通讯|S082_1数据缓存[9]
	S082_1数据缓存[10]	INT		0					ns=4;s=上位机通讯|S082_1数据缓存[10]
	S082_1数据缓存[11]	INT		0					ns=4;s=上位机通讯|S082_1数据缓存[11]
	S082_1数据缓存[12]	INT		0					ns=4;s=上位机通讯|S082_1数据缓存[12]
	S082_1数据缓存[13]	INT		0					ns=4;s=上位机通讯|S082_1数据缓存[13]
	S082_1数据缓存[14]	INT		0					ns=4;s=上位机通讯|S082_1数据缓存[14]
	S082_1数据缓存[15]	INT		0					ns=4;s=上位机通讯|S082_1数据缓存[15]
	S082_1数据缓存[16]	INT		0					ns=4;s=上位机通讯|S082_1数据缓存[16]
	S082_1数据缓存[17]	INT		0					ns=4;s=上位机通讯|S082_1数据缓存[17]
	S082_1数据缓存[18]	INT		0					ns=4;s=上位机通讯|S082_1数据缓存[18]
	S082_1数据缓存[19]	INT		0					ns=4;s=上位机通讯|S082_1数据缓存[19]
	S082_1数据缓存[20]	INT		0					ns=4;s=上位机通讯|S082_1数据缓存[20]
	S082_1数据缓存[21]	INT		0					ns=4;s=上位机通讯|S082_1数据缓存[21]
	S082_1数据缓存[22]	INT		0					ns=4;s=上位机通讯|S082_1数据缓存[22]
	S082_1数据缓存[23]	INT		0					ns=4;s=上位机通讯|S082_1数据缓存[23]
	S082_1数据缓存[24]	INT		0					ns=4;s=上位机通讯|S082_1数据缓存[24]
	S082_1数据缓存[25]	INT		0					ns=4;s=上位机通讯|S082_1数据缓存[25]
	S082_1数据缓存[26]	INT		0					ns=4;s=上位机通讯|S082_1数据缓存[26]
	S082_1数据缓存[27]	INT		0					ns=4;s=上位机通讯|S082_1数据缓存[27]
	S082_1数据缓存[28]	INT		0					ns=4;s=上位机通讯|S082_1数据缓存[28]
	S082_1数据缓存[29]	INT		0					ns=4;s=上位机通讯|S082_1数据缓存[29]
64	S082_2数据缓存	INT[30]		...	保持	公有	放瓶盖工位2二维码数据存放 PC-PLC		ns=4;s=上位机通讯|S082_2数据缓存
	S082_2数据缓存[0]	INT		0					ns=4;s=上位机通讯|S082_2数据缓存[0]
	S082_2数据缓存[1]	INT		0					ns=4;s=上位机通讯|S082_2数据缓存[1]
	S082_2数据缓存[2]	INT		0					ns=4;s=上位机通讯|S082_2数据缓存[2]
	S082_2数据缓存[3]	INT		0					ns=4;s=上位机通讯|S082_2数据缓存[3]
	S082_2数据缓存[4]	INT		0					ns=4;s=上位机通讯|S082_2数据缓存[4]
	S082_2数据缓存[5]	INT		0					ns=4;s=上位机通讯|S082_2数据缓存[5]
	S082_2数据缓存[6]	INT		0					ns=4;s=上位机通讯|S082_2数据缓存[6]
	S082_2数据缓存[7]	INT		0					ns=4;s=上位机通讯|S082_2数据缓存[7]
	S082_2数据缓存[8]	INT		0					ns=4;s=上位机通讯|S082_2数据缓存[8]
	S082_2数据缓存[9]	INT		0					ns=4;s=上位机通讯|S082_2数据缓存[9]
	S082_2数据缓存[10]	INT		0					ns=4;s=上位机通讯|S082_2数据缓存[10]
	S082_2数据缓存[11]	INT		0					ns=4;s=上位机通讯|S082_2数据缓存[11]
	S082_2数据缓存[12]	INT		0					ns=4;s=上位机通讯|S082_2数据缓存[12]
	S082_2数据缓存[13]	INT		0					ns=4;s=上位机通讯|S082_2数据缓存[13]
	S082_2数据缓存[14]	INT		0					ns=4;s=上位机通讯|S082_2数据缓存[14]
	S082_2数据缓存[15]	INT		0					ns=4;s=上位机通讯|S082_2数据缓存[15]
	S082_2数据缓存[16]	INT		0					ns=4;s=上位机通讯|S082_2数据缓存[16]
	S082_2数据缓存[17]	INT		0					ns=4;s=上位机通讯|S082_2数据缓存[17]
	S082_2数据缓存[18]	INT		0					ns=4;s=上位机通讯|S082_2数据缓存[18]
	S082_2数据缓存[19]	INT		0					ns=4;s=上位机通讯|S082_2数据缓存[19]
	S082_2数据缓存[20]	INT		0					ns=4;s=上位机通讯|S082_2数据缓存[20]
	S082_2数据缓存[21]	INT		0					ns=4;s=上位机通讯|S082_2数据缓存[21]
	S082_2数据缓存[22]	INT		0					ns=4;s=上位机通讯|S082_2数据缓存[22]
	S082_2数据缓存[23]	INT		0					ns=4;s=上位机通讯|S082_2数据缓存[23]
	S082_2数据缓存[24]	INT		0					ns=4;s=上位机通讯|S082_2数据缓存[24]
	S082_2数据缓存[25]	INT		0					ns=4;s=上位机通讯|S082_2数据缓存[25]
	S082_2数据缓存[26]	INT		0					ns=4;s=上位机通讯|S082_2数据缓存[26]
	S082_2数据缓存[27]	INT		0					ns=4;s=上位机通讯|S082_2数据缓存[27]
	S082_2数据缓存[28]	INT		0					ns=4;s=上位机通讯|S082_2数据缓存[28]
	S082_2数据缓存[29]	INT		0					ns=4;s=上位机通讯|S082_2数据缓存[29]
65	S082_3数据缓存	INT[30]		...	保持	公有	放瓶盖工位3二维码数据存放 PC-PLC		ns=4;s=上位机通讯|S082_3数据缓存
	S082_3数据缓存[0]	INT		0					ns=4;s=上位机通讯|S082_3数据缓存[0]
	S082_3数据缓存[1]	INT		0					ns=4;s=上位机通讯|S082_3数据缓存[1]
	S082_3数据缓存[2]	INT		0					ns=4;s=上位机通讯|S082_3数据缓存[2]
	S082_3数据缓存[3]	INT		0					ns=4;s=上位机通讯|S082_3数据缓存[3]
	S082_3数据缓存[4]	INT		0					ns=4;s=上位机通讯|S082_3数据缓存[4]
	S082_3数据缓存[5]	INT		0					ns=4;s=上位机通讯|S082_3数据缓存[5]
	S082_3数据缓存[6]	INT		0					ns=4;s=上位机通讯|S082_3数据缓存[6]
	S082_3数据缓存[7]	INT		0					ns=4;s=上位机通讯|S082_3数据缓存[7]
	S082_3数据缓存[8]	INT		0					ns=4;s=上位机通讯|S082_3数据缓存[8]
	S082_3数据缓存[9]	INT		0					ns=4;s=上位机通讯|S082_3数据缓存[9]
	S082_3数据缓存[10]	INT		0					ns=4;s=上位机通讯|S082_3数据缓存[10]
	S082_3数据缓存[11]	INT		0					ns=4;s=上位机通讯|S082_3数据缓存[11]
	S082_3数据缓存[12]	INT		0					ns=4;s=上位机通讯|S082_3数据缓存[12]
	S082_3数据缓存[13]	INT		0					ns=4;s=上位机通讯|S082_3数据缓存[13]
	S082_3数据缓存[14]	INT		0					ns=4;s=上位机通讯|S082_3数据缓存[14]
	S082_3数据缓存[15]	INT		0					ns=4;s=上位机通讯|S082_3数据缓存[15]
	S082_3数据缓存[16]	INT		0					ns=4;s=上位机通讯|S082_3数据缓存[16]
	S082_3数据缓存[17]	INT		0					ns=4;s=上位机通讯|S082_3数据缓存[17]
	S082_3数据缓存[18]	INT		0					ns=4;s=上位机通讯|S082_3数据缓存[18]
	S082_3数据缓存[19]	INT		0					ns=4;s=上位机通讯|S082_3数据缓存[19]
	S082_3数据缓存[20]	INT		0					ns=4;s=上位机通讯|S082_3数据缓存[20]
	S082_3数据缓存[21]	INT		0					ns=4;s=上位机通讯|S082_3数据缓存[21]
	S082_3数据缓存[22]	INT		0					ns=4;s=上位机通讯|S082_3数据缓存[22]
	S082_3数据缓存[23]	INT		0					ns=4;s=上位机通讯|S082_3数据缓存[23]
	S082_3数据缓存[24]	INT		0					ns=4;s=上位机通讯|S082_3数据缓存[24]
	S082_3数据缓存[25]	INT		0					ns=4;s=上位机通讯|S082_3数据缓存[25]
	S082_3数据缓存[26]	INT		0					ns=4;s=上位机通讯|S082_3数据缓存[26]
	S082_3数据缓存[27]	INT		0					ns=4;s=上位机通讯|S082_3数据缓存[27]
	S082_3数据缓存[28]	INT		0					ns=4;s=上位机通讯|S082_3数据缓存[28]
	S082_3数据缓存[29]	INT		0					ns=4;s=上位机通讯|S082_3数据缓存[29]
66	S082_4数据缓存	INT[30]		...	保持	公有	放瓶盖工位4二维码数据存放 PC-PLC		ns=4;s=上位机通讯|S082_4数据缓存
	S082_4数据缓存[0]	INT		0					ns=4;s=上位机通讯|S082_4数据缓存[0]
	S082_4数据缓存[1]	INT		0					ns=4;s=上位机通讯|S082_4数据缓存[1]
	S082_4数据缓存[2]	INT		0					ns=4;s=上位机通讯|S082_4数据缓存[2]
	S082_4数据缓存[3]	INT		0					ns=4;s=上位机通讯|S082_4数据缓存[3]
	S082_4数据缓存[4]	INT		0					ns=4;s=上位机通讯|S082_4数据缓存[4]
	S082_4数据缓存[5]	INT		0					ns=4;s=上位机通讯|S082_4数据缓存[5]
	S082_4数据缓存[6]	INT		0					ns=4;s=上位机通讯|S082_4数据缓存[6]
	S082_4数据缓存[7]	INT		0					ns=4;s=上位机通讯|S082_4数据缓存[7]
	S082_4数据缓存[8]	INT		0					ns=4;s=上位机通讯|S082_4数据缓存[8]
	S082_4数据缓存[9]	INT		0					ns=4;s=上位机通讯|S082_4数据缓存[9]
	S082_4数据缓存[10]	INT		0					ns=4;s=上位机通讯|S082_4数据缓存[10]
	S082_4数据缓存[11]	INT		0					ns=4;s=上位机通讯|S082_4数据缓存[11]
	S082_4数据缓存[12]	INT		0					ns=4;s=上位机通讯|S082_4数据缓存[12]
	S082_4数据缓存[13]	INT		0					ns=4;s=上位机通讯|S082_4数据缓存[13]
	S082_4数据缓存[14]	INT		0					ns=4;s=上位机通讯|S082_4数据缓存[14]
	S082_4数据缓存[15]	INT		0					ns=4;s=上位机通讯|S082_4数据缓存[15]
	S082_4数据缓存[16]	INT		0					ns=4;s=上位机通讯|S082_4数据缓存[16]
	S082_4数据缓存[17]	INT		0					ns=4;s=上位机通讯|S082_4数据缓存[17]
	S082_4数据缓存[18]	INT		0					ns=4;s=上位机通讯|S082_4数据缓存[18]
	S082_4数据缓存[19]	INT		0					ns=4;s=上位机通讯|S082_4数据缓存[19]
	S082_4数据缓存[20]	INT		0					ns=4;s=上位机通讯|S082_4数据缓存[20]
	S082_4数据缓存[21]	INT		0					ns=4;s=上位机通讯|S082_4数据缓存[21]
	S082_4数据缓存[22]	INT		0					ns=4;s=上位机通讯|S082_4数据缓存[22]
	S082_4数据缓存[23]	INT		0					ns=4;s=上位机通讯|S082_4数据缓存[23]
	S082_4数据缓存[24]	INT		0					ns=4;s=上位机通讯|S082_4数据缓存[24]
	S082_4数据缓存[25]	INT		0					ns=4;s=上位机通讯|S082_4数据缓存[25]
	S082_4数据缓存[26]	INT		0					ns=4;s=上位机通讯|S082_4数据缓存[26]
	S082_4数据缓存[27]	INT		0					ns=4;s=上位机通讯|S082_4数据缓存[27]
	S082_4数据缓存[28]	INT		0					ns=4;s=上位机通讯|S082_4数据缓存[28]
	S082_4数据缓存[29]	INT		0					ns=4;s=上位机通讯|S082_4数据缓存[29]
67	S082_5数据缓存	INT[30]		...	保持	公有	放瓶盖工位5二维码数据存放 PC-PLC		ns=4;s=上位机通讯|S082_5数据缓存
	S082_5数据缓存[0]	INT		0					ns=4;s=上位机通讯|S082_5数据缓存[0]
	S082_5数据缓存[1]	INT		0					ns=4;s=上位机通讯|S082_5数据缓存[1]
	S082_5数据缓存[2]	INT		0					ns=4;s=上位机通讯|S082_5数据缓存[2]
	S082_5数据缓存[3]	INT		0					ns=4;s=上位机通讯|S082_5数据缓存[3]
	S082_5数据缓存[4]	INT		0					ns=4;s=上位机通讯|S082_5数据缓存[4]
	S082_5数据缓存[5]	INT		0					ns=4;s=上位机通讯|S082_5数据缓存[5]
	S082_5数据缓存[6]	INT		0					ns=4;s=上位机通讯|S082_5数据缓存[6]
	S082_5数据缓存[7]	INT		0					ns=4;s=上位机通讯|S082_5数据缓存[7]
	S082_5数据缓存[8]	INT		0					ns=4;s=上位机通讯|S082_5数据缓存[8]
	S082_5数据缓存[9]	INT		0					ns=4;s=上位机通讯|S082_5数据缓存[9]
	S082_5数据缓存[10]	INT		0					ns=4;s=上位机通讯|S082_5数据缓存[10]
	S082_5数据缓存[11]	INT		0					ns=4;s=上位机通讯|S082_5数据缓存[11]
	S082_5数据缓存[12]	INT		0					ns=4;s=上位机通讯|S082_5数据缓存[12]
	S082_5数据缓存[13]	INT		0					ns=4;s=上位机通讯|S082_5数据缓存[13]
	S082_5数据缓存[14]	INT		0					ns=4;s=上位机通讯|S082_5数据缓存[14]
	S082_5数据缓存[15]	INT		0					ns=4;s=上位机通讯|S082_5数据缓存[15]
	S082_5数据缓存[16]	INT		0					ns=4;s=上位机通讯|S082_5数据缓存[16]
	S082_5数据缓存[17]	INT		0					ns=4;s=上位机通讯|S082_5数据缓存[17]
	S082_5数据缓存[18]	INT		0					ns=4;s=上位机通讯|S082_5数据缓存[18]
	S082_5数据缓存[19]	INT		0					ns=4;s=上位机通讯|S082_5数据缓存[19]
	S082_5数据缓存[20]	INT		0					ns=4;s=上位机通讯|S082_5数据缓存[20]
	S082_5数据缓存[21]	INT		0					ns=4;s=上位机通讯|S082_5数据缓存[21]
	S082_5数据缓存[22]	INT		0					ns=4;s=上位机通讯|S082_5数据缓存[22]
	S082_5数据缓存[23]	INT		0					ns=4;s=上位机通讯|S082_5数据缓存[23]
	S082_5数据缓存[24]	INT		0					ns=4;s=上位机通讯|S082_5数据缓存[24]
	S082_5数据缓存[25]	INT		0					ns=4;s=上位机通讯|S082_5数据缓存[25]
	S082_5数据缓存[26]	INT		0					ns=4;s=上位机通讯|S082_5数据缓存[26]
	S082_5数据缓存[27]	INT		0					ns=4;s=上位机通讯|S082_5数据缓存[27]
	S082_5数据缓存[28]	INT		0					ns=4;s=上位机通讯|S082_5数据缓存[28]
	S082_5数据缓存[29]	INT		0					ns=4;s=上位机通讯|S082_5数据缓存[29]
68	S08数据清空	BOOL		OFF	保持	私有		R10400.3	ns=4;s=上位机通讯|S08数据清空
69	S09原点信号_1	BOOL		OFF	保持	公有	加液工位-PLC TO PC	R10500.0	ns=4;s=上位机通讯|S09原点信号_1
70	S09原点信号_2	BOOL		OFF	保持	公有	加液工位-PLC TO PC	R10500.1	ns=4;s=上位机通讯|S09原点信号_2
71	S09原点信号_3	BOOL		OFF	保持	公有	加液工位-PLC TO PC	R10500.2	ns=4;s=上位机通讯|S09原点信号_3
72	S09原点信号_4	BOOL		OFF	保持	公有	加液工位-PLC TO PC	R10500.3	ns=4;s=上位机通讯|S09原点信号_4
73	S09允许加工	BOOL		OFF	保持	公有	加液工位-PLC TO PC	R10500.4	ns=4;s=上位机通讯|S09允许加工
74	S09工艺选择	INT		0	保持	公有	加液工位-PC TO PLC	R10502	ns=4;s=上位机通讯|S09工艺选择
75	S09参数写入完成	BOOL		OFF	保持	公有	加液工位-PC TO PLC	R10500.5	ns=4;s=上位机通讯|S09参数写入完成
76	S09工艺完成	INT		0	保持	公有	加液工位-PLC TO PC	R10504	ns=4;s=上位机通讯|S09工艺完成
77	S09TIP盒工位编号	INT		0	保持	公有	加液工位-PC TO PLC	R10506	ns=4;s=上位机通讯|S09TIP盒工位编号
78	S09TIP编号	INT		0	保持	公有	加液工位-PC TO PLC	R10508	ns=4;s=上位机通讯|S09TIP编号
79	S09液体瓶编号	INT		0	保持	公有	加液工位-PC TO PLC	R10510	ns=4;s=上位机通讯|S09液体瓶编号
80	S09抽液量	INT		0	保持	公有	加液工位-PC TO PLC 单位ul/10	R10512	ns=4;s=上位机通讯|S09抽液量
81	S09放液量	INT		0	保持	公有	加液工位-PC TO PLC 单位ul/10	R10514	ns=4;s=上位机通讯|S09放液量
82	S09天平读数稳定	BOOL		OFF	保持	公有	加液工位-PLC TO PC	R10500.6	ns=4;s=上位机通讯|S09天平读数稳定
83	S09天平读数	REAL		0.000000	保持	公有	加液工位-PLC TO PC	R10516	ns=4;s=上位机通讯|S09天平读数
84	S09液体瓶1剩余液量	REAL		0.000000	保持	公有	加液工位-PC TO PLC	R10518	ns=4;s=上位机通讯|S09液体瓶1剩余液量
85	S09液体瓶2剩余液量	REAL		0.000000	保持	公有	加液工位-PC TO PLC	R10520	ns=4;s=上位机通讯|S09液体瓶2剩余液量
86	S09液体瓶3剩余液量	REAL		0.000000	保持	公有	加液工位-PC TO PLC	R10522	ns=4;s=上位机通讯|S09液体瓶3剩余液量
87	S09液体瓶4剩余液量	REAL		0.000000	保持	公有	加液工位-PC TO PLC	R10524	ns=4;s=上位机通讯|S09液体瓶4剩余液量
88	S09液体瓶5剩余液量	REAL		0.000000	保持	公有	加液工位-PC TO PLC	R10526	ns=4;s=上位机通讯|S09液体瓶5剩余液量
89	S09数据清空	BOOL		OFF	保持	私有		R10500.7	ns=4;s=上位机通讯|S09数据清空
90	工站状态	INT[12]		...	保持	公有			ns=4;s=上位机通讯|工站状态
	工站状态[0]	INT		0			S01状态 PLC TO PC 0报警中，1未准备好，2准备好，3运行中，4单循环中，5寸动中，6初始化中		ns=4;s=上位机通讯|工站状态[0]
	工站状态[1]	INT		0			S02状态 PLC TO PC 0报警中，1未准备好，2准备好，3运行中，4单循环中，5寸动中，6初始化中		ns=4;s=上位机通讯|工站状态[1]
	工站状态[2]	INT		0			S03状态 PLC TO PC 0报警中，1未准备好，2准备好，3运行中，4单循环中，5寸动中，6初始化中		ns=4;s=上位机通讯|工站状态[2]
	工站状态[3]	INT		0			S04状态 PLC TO PC 0报警中，1未准备好，2准备好，3运行中，4单循环中，5寸动中，6初始化中		ns=4;s=上位机通讯|工站状态[3]
	工站状态[4]	INT		0			S05状态 PLC TO PC 0报警中，1未准备好，2准备好，3运行中，4单循环中，5寸动中，6初始化中		ns=4;s=上位机通讯|工站状态[4]
	工站状态[5]	INT		0			S06状态 PLC TO PC 0报警中，1未准备好，2准备好，3运行中，4单循环中，5寸动中，6初始化中		ns=4;s=上位机通讯|工站状态[5]
	工站状态[6]	INT		0			S07状态 PLC TO PC 0报警中，1未准备好，2准备好，3运行中，4单循环中，5寸动中，6初始化中		ns=4;s=上位机通讯|工站状态[6]
	工站状态[7]	INT		0			S08状态 PLC TO PC 0报警中，1未准备好，2准备好，3运行中，4单循环中，5寸动中，6初始化中		ns=4;s=上位机通讯|工站状态[7]
	工站状态[8]	INT		0			S09状态 PLC TO PC 0报警中，1未准备好，2准备好，3运行中，4单循环中，5寸动中，6初始化中		ns=4;s=上位机通讯|工站状态[8]
	工站状态[9]	INT		0			S10状态 PLC TO PC 0报警中，1未准备好，2准备好，3运行中，4单循环中，5寸动中，6初始化中		ns=4;s=上位机通讯|工站状态[9]
	工站状态[10]	INT		0			S11状态 PLC TO PC 0报警中，1未准备好，2准备好，3运行中，4单循环中，5寸动中，6初始化中		ns=4;s=上位机通讯|工站状态[10]
	工站状态[11]	INT		0			S12状态 PLC TO PC 0报警中，1未准备好，2准备好，3运行中，4单循环中，5寸动中，6初始化中		ns=4;s=上位机通讯|工站状态[11]
91	Robot_Home	BOOL		OFF	保持	公有	Robot工位 PLC-PC	R10600.0	ns=4;s=上位机通讯|Robot_Home
92	Robot_任务允许写入	BOOL		OFF	保持	公有	Robot工位 PLC-PC	R10600.1	ns=4;s=上位机通讯|Robot_任务允许写入
93	Robot_任务写入完成	BOOL		OFF	保持	公有	Robot工位 PC-PLC	R10600.2	ns=4;s=上位机通讯|Robot_任务写入完成
94	S12数据清空	BOOL		OFF	保持	私有		R10600.3	ns=4;s=上位机通讯|S12数据清空
95	任务号	DINT		0	保持	公有	Robot工位 PC-PLC	R10602	ns=4;s=上位机通讯|任务号
96	S01取放料编号	DINT		0	保持	公有	Robot工位 PC-PLC	R10604	ns=4;s=上位机通讯|S01取放料编号
97	S01出入料产品	DINT		0	保持	公有	Robot工位 PC-PLC	R10606	ns=4;s=上位机通讯|S01出入料产品
98	S02取放料编号	DINT		0	保持	公有	Robot工位 PC-PLC	R10608	ns=4;s=上位机通讯|S02取放料编号
99	S03取放料产品	DINT		0	保持	公有	Robot工位 PC-PLC	R10610	ns=4;s=上位机通讯|S03取放料产品
100	S03取放料编号	DINT		0	保持	公有	Robot工位 PC-PLC	R10612	ns=4;s=上位机通讯|S03取放料编号
101	S04取放料编号	DINT		0	保持	公有	Robot工位 PC-PLC	R10614	ns=4;s=上位机通讯|S04取放料编号
102	S071取放料编号	DINT		0	保持	公有	Robot工位 PC-PLC	R10616	ns=4;s=上位机通讯|S071取放料编号
103	S072取放料产品	DINT		0	保持	公有	Robot工位 PC-PLC	R10618	ns=4;s=上位机通讯|S072取放料产品
104	S08取放料产品	DINT		0	保持	公有	Robot工位 PC-PLC	R10620	ns=4;s=上位机通讯|S08取放料产品
105	S08取放料编号	DINT		0	保持	公有	Robot工位 PC-PLC	R10622	ns=4;s=上位机通讯|S08取放料编号
106	S09取放料产品	DINT		0	保持	公有	Robot工位 PC-PLC	R10624	ns=4;s=上位机通讯|S09取放料产品
107	S09取放料编号	DINT		0	保持	公有	Robot工位 PC-PLC	R10626	ns=4;s=上位机通讯|S09取放料编号
108	S10取放料编号	DINT		0	保持	公有	Robot工位 PC-PLC	R10628	ns=4;s=上位机通讯|S10取放料编号
109	S11取放料产品	DINT		0	保持	公有	Robot工位 PC-PLC	R10630	ns=4;s=上位机通讯|S11取放料产品
110	S11取放料编号	DINT		0	保持	公有	Robot工位 PC-PLC	R10632	ns=4;s=上位机通讯|S11取放料编号
111	S08倒料产品选择	DINT		0	保持	公有	Robot工位 PC-PLC	R10634	ns=4;s=上位机通讯|S08倒料产品选择
112	Robot_任务完成	DINT		0	保持	公有	Robot工位 PLC-PC	R10636	ns=4;s=上位机通讯|Robot_任务完成
113	S07原点信号	BOOL		OFF	保持	公有	PC-PLC 机器人可以取放料	R10640.0	ns=4;s=上位机通讯|S07原点信号
114	S07允许加工	BOOL		OFF	保持	公有	PLC-PC	R10640.1	ns=4;s=上位机通讯|S07允许加工
115	S07工艺选择	INT		0	保持	公有	PC-PLC 1.粉罐扫码盘点 2.替换粉罐旋转到进料位 3.注粉	R10641	ns=4;s=上位机通讯|S07工艺选择
116	S07参数写入完成	BOOL		OFF	保持	公有	PC-PLC 	R10640.2	ns=4;s=上位机通讯|S07参数写入完成
117	S07工艺完成	INT		0	保持	公有	PLC-PC	R10642	ns=4;s=上位机通讯|S07工艺完成
118	S07上下料位置	INT		0	保持	公有	PC-PLC 机器人取放料粉罐位	R10643	ns=4;s=上位机通讯|S07上下料位置
119	S07粗注粉位置号	INT		0	保持	公有	PC-PLC 注粉位置号	R10644	ns=4;s=上位机通讯|S07粗注粉位置号
120	S07精注粉位置号	INT		0	保持	公有	PC-PLC 注粉位置号	R10645	ns=4;s=上位机通讯|S07精注粉位置号
121	S07注粉重量	REAL		0.000000	保持	公有	PC-PLC 	R10646	ns=4;s=上位机通讯|S07注粉重量
122	S07_粗注粉开口量	INT[5]		...	保持	公有	PC-PLC 	R10650	ns=4;s=上位机通讯|S07_粗注粉开口量
	S07_粗注粉开口量[0]	INT		0				R10650	ns=4;s=上位机通讯|S07_粗注粉开口量[0]
	S07_粗注粉开口量[1]	INT		0				R10651	ns=4;s=上位机通讯|S07_粗注粉开口量[1]
	S07_粗注粉开口量[2]	INT		0				R10652	ns=4;s=上位机通讯|S07_粗注粉开口量[2]
	S07_粗注粉开口量[3]	INT		0				R10653	ns=4;s=上位机通讯|S07_粗注粉开口量[3]
	S07_粗注粉开口量[4]	INT		0				R10654	ns=4;s=上位机通讯|S07_粗注粉开口量[4]
123	S07_粗注粉落粉匀速	REAL[5]		...	保持	公有	PC-PLC 	R10660	ns=4;s=上位机通讯|S07_粗注粉落粉匀速
	S07_粗注粉落粉匀速[0]	REAL		0.000000				R10660	ns=4;s=上位机通讯|S07_粗注粉落粉匀速[0]
	S07_粗注粉落粉匀速[1]	REAL		0.000000				R10662	ns=4;s=上位机通讯|S07_粗注粉落粉匀速[1]
	S07_粗注粉落粉匀速[2]	REAL		0.000000				R10664	ns=4;s=上位机通讯|S07_粗注粉落粉匀速[2]
	S07_粗注粉落粉匀速[3]	REAL		0.000000				R10666	ns=4;s=上位机通讯|S07_粗注粉落粉匀速[3]
	S07_粗注粉落粉匀速[4]	REAL		0.000000				R10668	ns=4;s=上位机通讯|S07_粗注粉落粉匀速[4]
124	S07_粗注粉旋转速度	INT[5]		...	保持	公有	PC-PLC 	R10670	ns=4;s=上位机通讯|S07_粗注粉旋转速度
	S07_粗注粉旋转速度[0]	INT		0				R10670	ns=4;s=上位机通讯|S07_粗注粉旋转速度[0]
	S07_粗注粉旋转速度[1]	INT		0				R10671	ns=4;s=上位机通讯|S07_粗注粉旋转速度[1]
	S07_粗注粉旋转速度[2]	INT		0				R10672	ns=4;s=上位机通讯|S07_粗注粉旋转速度[2]
	S07_粗注粉旋转速度[3]	INT		0				R10673	ns=4;s=上位机通讯|S07_粗注粉旋转速度[3]
	S07_粗注粉旋转速度[4]	INT		0				R10674	ns=4;s=上位机通讯|S07_粗注粉旋转速度[4]
125	S07_粗注粉提请停止量	DINT[5]		...	保持	公有	PC-PLC 	R10680	ns=4;s=上位机通讯|S07_粗注粉提请停止量
	S07_粗注粉提请停止量[0]	DINT		0				R10680	ns=4;s=上位机通讯|S07_粗注粉提请停止量[0]
	S07_粗注粉提请停止量[1]	DINT		0				R10682	ns=4;s=上位机通讯|S07_粗注粉提请停止量[1]
	S07_粗注粉提请停止量[2]	DINT		0				R10684	ns=4;s=上位机通讯|S07_粗注粉提请停止量[2]
	S07_粗注粉提请停止量[3]	DINT		0				R10686	ns=4;s=上位机通讯|S07_粗注粉提请停止量[3]
	S07_粗注粉提请停止量[4]	DINT		0				R10688	ns=4;s=上位机通讯|S07_粗注粉提请停止量[4]
126	S07_粗注粉震荡最高速度	INT		0	保持	公有	PC-PLC 	R10690	ns=4;s=上位机通讯|S07_粗注粉震荡最高速度
127	S07_精注粉开口量	INT[5]		...	保持	公有	PC-PLC 	R10700	ns=4;s=上位机通讯|S07_精注粉开口量
	S07_精注粉开口量[0]	INT		0				R10700	ns=4;s=上位机通讯|S07_精注粉开口量[0]
	S07_精注粉开口量[1]	INT		0				R10701	ns=4;s=上位机通讯|S07_精注粉开口量[1]
	S07_精注粉开口量[2]	INT		0				R10702	ns=4;s=上位机通讯|S07_精注粉开口量[2]
	S07_精注粉开口量[3]	INT		0				R10703	ns=4;s=上位机通讯|S07_精注粉开口量[3]
	S07_精注粉开口量[4]	INT		0				R10704	ns=4;s=上位机通讯|S07_精注粉开口量[4]
128	S07_精注粉落粉匀速	REAL[5]		...	保持	公有	PC-PLC 	R10710	ns=4;s=上位机通讯|S07_精注粉落粉匀速
	S07_精注粉落粉匀速[0]	REAL		0.000000				R10710	ns=4;s=上位机通讯|S07_精注粉落粉匀速[0]
	S07_精注粉落粉匀速[1]	REAL		0.000000				R10712	ns=4;s=上位机通讯|S07_精注粉落粉匀速[1]
	S07_精注粉落粉匀速[2]	REAL		0.000000				R10714	ns=4;s=上位机通讯|S07_精注粉落粉匀速[2]
	S07_精注粉落粉匀速[3]	REAL		0.000000				R10716	ns=4;s=上位机通讯|S07_精注粉落粉匀速[3]
	S07_精注粉落粉匀速[4]	REAL		0.000000				R10718	ns=4;s=上位机通讯|S07_精注粉落粉匀速[4]
129	S07_精注粉旋转速度	INT[5]		...	保持	公有	PC-PLC 	R10720	ns=4;s=上位机通讯|S07_精注粉旋转速度
	S07_精注粉旋转速度[0]	INT		0				R10720	ns=4;s=上位机通讯|S07_精注粉旋转速度[0]
	S07_精注粉旋转速度[1]	INT		0				R10721	ns=4;s=上位机通讯|S07_精注粉旋转速度[1]
	S07_精注粉旋转速度[2]	INT		0				R10722	ns=4;s=上位机通讯|S07_精注粉旋转速度[2]
	S07_精注粉旋转速度[3]	INT		0				R10723	ns=4;s=上位机通讯|S07_精注粉旋转速度[3]
	S07_精注粉旋转速度[4]	INT		0				R10724	ns=4;s=上位机通讯|S07_精注粉旋转速度[4]
130	S07_精注粉提请停止量	DINT[5]		...	保持	公有	PC-PLC 	R10730	ns=4;s=上位机通讯|S07_精注粉提请停止量
	S07_精注粉提请停止量[0]	DINT		0				R10730	ns=4;s=上位机通讯|S07_精注粉提请停止量[0]
	S07_精注粉提请停止量[1]	DINT		0				R10732	ns=4;s=上位机通讯|S07_精注粉提请停止量[1]
	S07_精注粉提请停止量[2]	DINT		0				R10734	ns=4;s=上位机通讯|S07_精注粉提请停止量[2]
	S07_精注粉提请停止量[3]	DINT		0				R10736	ns=4;s=上位机通讯|S07_精注粉提请停止量[3]
	S07_精注粉提请停止量[4]	DINT		0				R10738	ns=4;s=上位机通讯|S07_精注粉提请停止量[4]
131	S07_精注粉震荡最高速度	INT		0	保持	公有	PC-PLC 	R10692	ns=4;s=上位机通讯|S07_精注粉震荡最高速度
132	S07天平读数	REAL		0.000000	保持	公有	PLC-PC	R10694	ns=4;s=上位机通讯|S07天平读数
133	S07数据清空	BOOL		OFF	保持	私有		R10640.3	ns=4;s=上位机通讯|S07数据清空
134	S07位置1二维码	INT[100]		...	保持	公有	PLC-PC		ns=4;s=上位机通讯|S07位置1二维码
	S07位置1二维码[0]	INT		0					ns=4;s=上位机通讯|S07位置1二维码[0]
	S07位置1二维码[1]	INT		0					ns=4;s=上位机通讯|S07位置1二维码[1]
	S07位置1二维码[2]	INT		0					ns=4;s=上位机通讯|S07位置1二维码[2]
	S07位置1二维码[3]	INT		0					ns=4;s=上位机通讯|S07位置1二维码[3]
	S07位置1二维码[4]	INT		0					ns=4;s=上位机通讯|S07位置1二维码[4]
	S07位置1二维码[5]	INT		0					ns=4;s=上位机通讯|S07位置1二维码[5]
	S07位置1二维码[6]	INT		0					ns=4;s=上位机通讯|S07位置1二维码[6]
	S07位置1二维码[7]	INT		0					ns=4;s=上位机通讯|S07位置1二维码[7]
	S07位置1二维码[8]	INT		0					ns=4;s=上位机通讯|S07位置1二维码[8]
	S07位置1二维码[9]	INT		0					ns=4;s=上位机通讯|S07位置1二维码[9]
	S07位置1二维码[10]	INT		0					ns=4;s=上位机通讯|S07位置1二维码[10]
	S07位置1二维码[11]	INT		0					ns=4;s=上位机通讯|S07位置1二维码[11]
	S07位置1二维码[12]	INT		0					ns=4;s=上位机通讯|S07位置1二维码[12]
	S07位置1二维码[13]	INT		0					ns=4;s=上位机通讯|S07位置1二维码[13]
	S07位置1二维码[14]	INT		0					ns=4;s=上位机通讯|S07位置1二维码[14]
	S07位置1二维码[15]	INT		0					ns=4;s=上位机通讯|S07位置1二维码[15]
	S07位置1二维码[16]	INT		0					ns=4;s=上位机通讯|S07位置1二维码[16]
	S07位置1二维码[17]	INT		0					ns=4;s=上位机通讯|S07位置1二维码[17]
	S07位置1二维码[18]	INT		0					ns=4;s=上位机通讯|S07位置1二维码[18]
	S07位置1二维码[19]	INT		0					ns=4;s=上位机通讯|S07位置1二维码[19]
	S07位置1二维码[20]	INT		0					ns=4;s=上位机通讯|S07位置1二维码[20]
	S07位置1二维码[21]	INT		0					ns=4;s=上位机通讯|S07位置1二维码[21]
	S07位置1二维码[22]	INT		0					ns=4;s=上位机通讯|S07位置1二维码[22]
	S07位置1二维码[23]	INT		0					ns=4;s=上位机通讯|S07位置1二维码[23]
	S07位置1二维码[24]	INT		0					ns=4;s=上位机通讯|S07位置1二维码[24]
	S07位置1二维码[25]	INT		0					ns=4;s=上位机通讯|S07位置1二维码[25]
	S07位置1二维码[26]	INT		0					ns=4;s=上位机通讯|S07位置1二维码[26]
	S07位置1二维码[27]	INT		0					ns=4;s=上位机通讯|S07位置1二维码[27]
	S07位置1二维码[28]	INT		0					ns=4;s=上位机通讯|S07位置1二维码[28]
	S07位置1二维码[29]	INT		0					ns=4;s=上位机通讯|S07位置1二维码[29]
	S07位置1二维码[30]	INT		0					ns=4;s=上位机通讯|S07位置1二维码[30]
	S07位置1二维码[31]	INT		0					ns=4;s=上位机通讯|S07位置1二维码[31]
	S07位置1二维码[32]	INT		0					ns=4;s=上位机通讯|S07位置1二维码[32]
	S07位置1二维码[33]	INT		0					ns=4;s=上位机通讯|S07位置1二维码[33]
	S07位置1二维码[34]	INT		0					ns=4;s=上位机通讯|S07位置1二维码[34]
	S07位置1二维码[35]	INT		0					ns=4;s=上位机通讯|S07位置1二维码[35]
	S07位置1二维码[36]	INT		0					ns=4;s=上位机通讯|S07位置1二维码[36]
	S07位置1二维码[37]	INT		0					ns=4;s=上位机通讯|S07位置1二维码[37]
	S07位置1二维码[38]	INT		0					ns=4;s=上位机通讯|S07位置1二维码[38]
	S07位置1二维码[39]	INT		0					ns=4;s=上位机通讯|S07位置1二维码[39]
	S07位置1二维码[40]	INT		0					ns=4;s=上位机通讯|S07位置1二维码[40]
	S07位置1二维码[41]	INT		0					ns=4;s=上位机通讯|S07位置1二维码[41]
	S07位置1二维码[42]	INT		0					ns=4;s=上位机通讯|S07位置1二维码[42]
	S07位置1二维码[43]	INT		0					ns=4;s=上位机通讯|S07位置1二维码[43]
	S07位置1二维码[44]	INT		0					ns=4;s=上位机通讯|S07位置1二维码[44]
	S07位置1二维码[45]	INT		0					ns=4;s=上位机通讯|S07位置1二维码[45]
	S07位置1二维码[46]	INT		0					ns=4;s=上位机通讯|S07位置1二维码[46]
	S07位置1二维码[47]	INT		0					ns=4;s=上位机通讯|S07位置1二维码[47]
	S07位置1二维码[48]	INT		0					ns=4;s=上位机通讯|S07位置1二维码[48]
	S07位置1二维码[49]	INT		0					ns=4;s=上位机通讯|S07位置1二维码[49]
	S07位置1二维码[50]	INT		0					ns=4;s=上位机通讯|S07位置1二维码[50]
	S07位置1二维码[51]	INT		0					ns=4;s=上位机通讯|S07位置1二维码[51]
	S07位置1二维码[52]	INT		0					ns=4;s=上位机通讯|S07位置1二维码[52]
	S07位置1二维码[53]	INT		0					ns=4;s=上位机通讯|S07位置1二维码[53]
	S07位置1二维码[54]	INT		0					ns=4;s=上位机通讯|S07位置1二维码[54]
	S07位置1二维码[55]	INT		0					ns=4;s=上位机通讯|S07位置1二维码[55]
	S07位置1二维码[56]	INT		0					ns=4;s=上位机通讯|S07位置1二维码[56]
	S07位置1二维码[57]	INT		0					ns=4;s=上位机通讯|S07位置1二维码[57]
	S07位置1二维码[58]	INT		0					ns=4;s=上位机通讯|S07位置1二维码[58]
	S07位置1二维码[59]	INT		0					ns=4;s=上位机通讯|S07位置1二维码[59]
	S07位置1二维码[60]	INT		0					ns=4;s=上位机通讯|S07位置1二维码[60]
	S07位置1二维码[61]	INT		0					ns=4;s=上位机通讯|S07位置1二维码[61]
	S07位置1二维码[62]	INT		0					ns=4;s=上位机通讯|S07位置1二维码[62]
	S07位置1二维码[63]	INT		0					ns=4;s=上位机通讯|S07位置1二维码[63]
	S07位置1二维码[64]	INT		0					ns=4;s=上位机通讯|S07位置1二维码[64]
	S07位置1二维码[65]	INT		0					ns=4;s=上位机通讯|S07位置1二维码[65]
	S07位置1二维码[66]	INT		0					ns=4;s=上位机通讯|S07位置1二维码[66]
	S07位置1二维码[67]	INT		0					ns=4;s=上位机通讯|S07位置1二维码[67]
	S07位置1二维码[68]	INT		0					ns=4;s=上位机通讯|S07位置1二维码[68]
	S07位置1二维码[69]	INT		0					ns=4;s=上位机通讯|S07位置1二维码[69]
	S07位置1二维码[70]	INT		0					ns=4;s=上位机通讯|S07位置1二维码[70]
	S07位置1二维码[71]	INT		0					ns=4;s=上位机通讯|S07位置1二维码[71]
	S07位置1二维码[72]	INT		0					ns=4;s=上位机通讯|S07位置1二维码[72]
	S07位置1二维码[73]	INT		0					ns=4;s=上位机通讯|S07位置1二维码[73]
	S07位置1二维码[74]	INT		0					ns=4;s=上位机通讯|S07位置1二维码[74]
	S07位置1二维码[75]	INT		0					ns=4;s=上位机通讯|S07位置1二维码[75]
	S07位置1二维码[76]	INT		0					ns=4;s=上位机通讯|S07位置1二维码[76]
	S07位置1二维码[77]	INT		0					ns=4;s=上位机通讯|S07位置1二维码[77]
	S07位置1二维码[78]	INT		0					ns=4;s=上位机通讯|S07位置1二维码[78]
	S07位置1二维码[79]	INT		0					ns=4;s=上位机通讯|S07位置1二维码[79]
	S07位置1二维码[80]	INT		0					ns=4;s=上位机通讯|S07位置1二维码[80]
	S07位置1二维码[81]	INT		0					ns=4;s=上位机通讯|S07位置1二维码[81]
	S07位置1二维码[82]	INT		0					ns=4;s=上位机通讯|S07位置1二维码[82]
	S07位置1二维码[83]	INT		0					ns=4;s=上位机通讯|S07位置1二维码[83]
	S07位置1二维码[84]	INT		0					ns=4;s=上位机通讯|S07位置1二维码[84]
	S07位置1二维码[85]	INT		0					ns=4;s=上位机通讯|S07位置1二维码[85]
	S07位置1二维码[86]	INT		0					ns=4;s=上位机通讯|S07位置1二维码[86]
	S07位置1二维码[87]	INT		0					ns=4;s=上位机通讯|S07位置1二维码[87]
	S07位置1二维码[88]	INT		0					ns=4;s=上位机通讯|S07位置1二维码[88]
	S07位置1二维码[89]	INT		0					ns=4;s=上位机通讯|S07位置1二维码[89]
	S07位置1二维码[90]	INT		0					ns=4;s=上位机通讯|S07位置1二维码[90]
	S07位置1二维码[91]	INT		0					ns=4;s=上位机通讯|S07位置1二维码[91]
	S07位置1二维码[92]	INT		0					ns=4;s=上位机通讯|S07位置1二维码[92]
	S07位置1二维码[93]	INT		0					ns=4;s=上位机通讯|S07位置1二维码[93]
	S07位置1二维码[94]	INT		0					ns=4;s=上位机通讯|S07位置1二维码[94]
	S07位置1二维码[95]	INT		0					ns=4;s=上位机通讯|S07位置1二维码[95]
	S07位置1二维码[96]	INT		0					ns=4;s=上位机通讯|S07位置1二维码[96]
	S07位置1二维码[97]	INT		0					ns=4;s=上位机通讯|S07位置1二维码[97]
	S07位置1二维码[98]	INT		0					ns=4;s=上位机通讯|S07位置1二维码[98]
	S07位置1二维码[99]	INT		0					ns=4;s=上位机通讯|S07位置1二维码[99]
135	S07位置2二维码	INT[100]		...	保持	公有	PLC-PC		ns=4;s=上位机通讯|S07位置2二维码
	S07位置2二维码[0]	INT		0					ns=4;s=上位机通讯|S07位置2二维码[0]
	S07位置2二维码[1]	INT		0					ns=4;s=上位机通讯|S07位置2二维码[1]
	S07位置2二维码[2]	INT		0					ns=4;s=上位机通讯|S07位置2二维码[2]
	S07位置2二维码[3]	INT		0					ns=4;s=上位机通讯|S07位置2二维码[3]
	S07位置2二维码[4]	INT		0					ns=4;s=上位机通讯|S07位置2二维码[4]
	S07位置2二维码[5]	INT		0					ns=4;s=上位机通讯|S07位置2二维码[5]
	S07位置2二维码[6]	INT		0					ns=4;s=上位机通讯|S07位置2二维码[6]
	S07位置2二维码[7]	INT		0					ns=4;s=上位机通讯|S07位置2二维码[7]
	S07位置2二维码[8]	INT		0					ns=4;s=上位机通讯|S07位置2二维码[8]
	S07位置2二维码[9]	INT		0					ns=4;s=上位机通讯|S07位置2二维码[9]
	S07位置2二维码[10]	INT		0					ns=4;s=上位机通讯|S07位置2二维码[10]
	S07位置2二维码[11]	INT		0					ns=4;s=上位机通讯|S07位置2二维码[11]
	S07位置2二维码[12]	INT		0					ns=4;s=上位机通讯|S07位置2二维码[12]
	S07位置2二维码[13]	INT		0					ns=4;s=上位机通讯|S07位置2二维码[13]
	S07位置2二维码[14]	INT		0					ns=4;s=上位机通讯|S07位置2二维码[14]
	S07位置2二维码[15]	INT		0					ns=4;s=上位机通讯|S07位置2二维码[15]
	S07位置2二维码[16]	INT		0					ns=4;s=上位机通讯|S07位置2二维码[16]
	S07位置2二维码[17]	INT		0					ns=4;s=上位机通讯|S07位置2二维码[17]
	S07位置2二维码[18]	INT		0					ns=4;s=上位机通讯|S07位置2二维码[18]
	S07位置2二维码[19]	INT		0					ns=4;s=上位机通讯|S07位置2二维码[19]
	S07位置2二维码[20]	INT		0					ns=4;s=上位机通讯|S07位置2二维码[20]
	S07位置2二维码[21]	INT		0					ns=4;s=上位机通讯|S07位置2二维码[21]
	S07位置2二维码[22]	INT		0					ns=4;s=上位机通讯|S07位置2二维码[22]
	S07位置2二维码[23]	INT		0					ns=4;s=上位机通讯|S07位置2二维码[23]
	S07位置2二维码[24]	INT		0					ns=4;s=上位机通讯|S07位置2二维码[24]
	S07位置2二维码[25]	INT		0					ns=4;s=上位机通讯|S07位置2二维码[25]
	S07位置2二维码[26]	INT		0					ns=4;s=上位机通讯|S07位置2二维码[26]
	S07位置2二维码[27]	INT		0					ns=4;s=上位机通讯|S07位置2二维码[27]
	S07位置2二维码[28]	INT		0					ns=4;s=上位机通讯|S07位置2二维码[28]
	S07位置2二维码[29]	INT		0					ns=4;s=上位机通讯|S07位置2二维码[29]
	S07位置2二维码[30]	INT		0					ns=4;s=上位机通讯|S07位置2二维码[30]
	S07位置2二维码[31]	INT		0					ns=4;s=上位机通讯|S07位置2二维码[31]
	S07位置2二维码[32]	INT		0					ns=4;s=上位机通讯|S07位置2二维码[32]
	S07位置2二维码[33]	INT		0					ns=4;s=上位机通讯|S07位置2二维码[33]
	S07位置2二维码[34]	INT		0					ns=4;s=上位机通讯|S07位置2二维码[34]
	S07位置2二维码[35]	INT		0					ns=4;s=上位机通讯|S07位置2二维码[35]
	S07位置2二维码[36]	INT		0					ns=4;s=上位机通讯|S07位置2二维码[36]
	S07位置2二维码[37]	INT		0					ns=4;s=上位机通讯|S07位置2二维码[37]
	S07位置2二维码[38]	INT		0					ns=4;s=上位机通讯|S07位置2二维码[38]
	S07位置2二维码[39]	INT		0					ns=4;s=上位机通讯|S07位置2二维码[39]
	S07位置2二维码[40]	INT		0					ns=4;s=上位机通讯|S07位置2二维码[40]
	S07位置2二维码[41]	INT		0					ns=4;s=上位机通讯|S07位置2二维码[41]
	S07位置2二维码[42]	INT		0					ns=4;s=上位机通讯|S07位置2二维码[42]
	S07位置2二维码[43]	INT		0					ns=4;s=上位机通讯|S07位置2二维码[43]
	S07位置2二维码[44]	INT		0					ns=4;s=上位机通讯|S07位置2二维码[44]
	S07位置2二维码[45]	INT		0					ns=4;s=上位机通讯|S07位置2二维码[45]
	S07位置2二维码[46]	INT		0					ns=4;s=上位机通讯|S07位置2二维码[46]
	S07位置2二维码[47]	INT		0					ns=4;s=上位机通讯|S07位置2二维码[47]
	S07位置2二维码[48]	INT		0					ns=4;s=上位机通讯|S07位置2二维码[48]
	S07位置2二维码[49]	INT		0					ns=4;s=上位机通讯|S07位置2二维码[49]
	S07位置2二维码[50]	INT		0					ns=4;s=上位机通讯|S07位置2二维码[50]
	S07位置2二维码[51]	INT		0					ns=4;s=上位机通讯|S07位置2二维码[51]
	S07位置2二维码[52]	INT		0					ns=4;s=上位机通讯|S07位置2二维码[52]
	S07位置2二维码[53]	INT		0					ns=4;s=上位机通讯|S07位置2二维码[53]
	S07位置2二维码[54]	INT		0					ns=4;s=上位机通讯|S07位置2二维码[54]
	S07位置2二维码[55]	INT		0					ns=4;s=上位机通讯|S07位置2二维码[55]
	S07位置2二维码[56]	INT		0					ns=4;s=上位机通讯|S07位置2二维码[56]
	S07位置2二维码[57]	INT		0					ns=4;s=上位机通讯|S07位置2二维码[57]
	S07位置2二维码[58]	INT		0					ns=4;s=上位机通讯|S07位置2二维码[58]
	S07位置2二维码[59]	INT		0					ns=4;s=上位机通讯|S07位置2二维码[59]
	S07位置2二维码[60]	INT		0					ns=4;s=上位机通讯|S07位置2二维码[60]
	S07位置2二维码[61]	INT		0					ns=4;s=上位机通讯|S07位置2二维码[61]
	S07位置2二维码[62]	INT		0					ns=4;s=上位机通讯|S07位置2二维码[62]
	S07位置2二维码[63]	INT		0					ns=4;s=上位机通讯|S07位置2二维码[63]
	S07位置2二维码[64]	INT		0					ns=4;s=上位机通讯|S07位置2二维码[64]
	S07位置2二维码[65]	INT		0					ns=4;s=上位机通讯|S07位置2二维码[65]
	S07位置2二维码[66]	INT		0					ns=4;s=上位机通讯|S07位置2二维码[66]
	S07位置2二维码[67]	INT		0					ns=4;s=上位机通讯|S07位置2二维码[67]
	S07位置2二维码[68]	INT		0					ns=4;s=上位机通讯|S07位置2二维码[68]
	S07位置2二维码[69]	INT		0					ns=4;s=上位机通讯|S07位置2二维码[69]
	S07位置2二维码[70]	INT		0					ns=4;s=上位机通讯|S07位置2二维码[70]
	S07位置2二维码[71]	INT		0					ns=4;s=上位机通讯|S07位置2二维码[71]
	S07位置2二维码[72]	INT		0					ns=4;s=上位机通讯|S07位置2二维码[72]
	S07位置2二维码[73]	INT		0					ns=4;s=上位机通讯|S07位置2二维码[73]
	S07位置2二维码[74]	INT		0					ns=4;s=上位机通讯|S07位置2二维码[74]
	S07位置2二维码[75]	INT		0					ns=4;s=上位机通讯|S07位置2二维码[75]
	S07位置2二维码[76]	INT		0					ns=4;s=上位机通讯|S07位置2二维码[76]
	S07位置2二维码[77]	INT		0					ns=4;s=上位机通讯|S07位置2二维码[77]
	S07位置2二维码[78]	INT		0					ns=4;s=上位机通讯|S07位置2二维码[78]
	S07位置2二维码[79]	INT		0					ns=4;s=上位机通讯|S07位置2二维码[79]
	S07位置2二维码[80]	INT		0					ns=4;s=上位机通讯|S07位置2二维码[80]
	S07位置2二维码[81]	INT		0					ns=4;s=上位机通讯|S07位置2二维码[81]
	S07位置2二维码[82]	INT		0					ns=4;s=上位机通讯|S07位置2二维码[82]
	S07位置2二维码[83]	INT		0					ns=4;s=上位机通讯|S07位置2二维码[83]
	S07位置2二维码[84]	INT		0					ns=4;s=上位机通讯|S07位置2二维码[84]
	S07位置2二维码[85]	INT		0					ns=4;s=上位机通讯|S07位置2二维码[85]
	S07位置2二维码[86]	INT		0					ns=4;s=上位机通讯|S07位置2二维码[86]
	S07位置2二维码[87]	INT		0					ns=4;s=上位机通讯|S07位置2二维码[87]
	S07位置2二维码[88]	INT		0					ns=4;s=上位机通讯|S07位置2二维码[88]
	S07位置2二维码[89]	INT		0					ns=4;s=上位机通讯|S07位置2二维码[89]
	S07位置2二维码[90]	INT		0					ns=4;s=上位机通讯|S07位置2二维码[90]
	S07位置2二维码[91]	INT		0					ns=4;s=上位机通讯|S07位置2二维码[91]
	S07位置2二维码[92]	INT		0					ns=4;s=上位机通讯|S07位置2二维码[92]
	S07位置2二维码[93]	INT		0					ns=4;s=上位机通讯|S07位置2二维码[93]
	S07位置2二维码[94]	INT		0					ns=4;s=上位机通讯|S07位置2二维码[94]
	S07位置2二维码[95]	INT		0					ns=4;s=上位机通讯|S07位置2二维码[95]
	S07位置2二维码[96]	INT		0					ns=4;s=上位机通讯|S07位置2二维码[96]
	S07位置2二维码[97]	INT		0					ns=4;s=上位机通讯|S07位置2二维码[97]
	S07位置2二维码[98]	INT		0					ns=4;s=上位机通讯|S07位置2二维码[98]
	S07位置2二维码[99]	INT		0					ns=4;s=上位机通讯|S07位置2二维码[99]
136	S07位置3二维码	INT[100]		...	保持	公有	PLC-PC		ns=4;s=上位机通讯|S07位置3二维码
	S07位置3二维码[0]	INT		0					ns=4;s=上位机通讯|S07位置3二维码[0]
	S07位置3二维码[1]	INT		0					ns=4;s=上位机通讯|S07位置3二维码[1]
	S07位置3二维码[2]	INT		0					ns=4;s=上位机通讯|S07位置3二维码[2]
	S07位置3二维码[3]	INT		0					ns=4;s=上位机通讯|S07位置3二维码[3]
	S07位置3二维码[4]	INT		0					ns=4;s=上位机通讯|S07位置3二维码[4]
	S07位置3二维码[5]	INT		0					ns=4;s=上位机通讯|S07位置3二维码[5]
	S07位置3二维码[6]	INT		0					ns=4;s=上位机通讯|S07位置3二维码[6]
	S07位置3二维码[7]	INT		0					ns=4;s=上位机通讯|S07位置3二维码[7]
	S07位置3二维码[8]	INT		0					ns=4;s=上位机通讯|S07位置3二维码[8]
	S07位置3二维码[9]	INT		0					ns=4;s=上位机通讯|S07位置3二维码[9]
	S07位置3二维码[10]	INT		0					ns=4;s=上位机通讯|S07位置3二维码[10]
	S07位置3二维码[11]	INT		0					ns=4;s=上位机通讯|S07位置3二维码[11]
	S07位置3二维码[12]	INT		0					ns=4;s=上位机通讯|S07位置3二维码[12]
	S07位置3二维码[13]	INT		0					ns=4;s=上位机通讯|S07位置3二维码[13]
	S07位置3二维码[14]	INT		0					ns=4;s=上位机通讯|S07位置3二维码[14]
	S07位置3二维码[15]	INT		0					ns=4;s=上位机通讯|S07位置3二维码[15]
	S07位置3二维码[16]	INT		0					ns=4;s=上位机通讯|S07位置3二维码[16]
	S07位置3二维码[17]	INT		0					ns=4;s=上位机通讯|S07位置3二维码[17]
	S07位置3二维码[18]	INT		0					ns=4;s=上位机通讯|S07位置3二维码[18]
	S07位置3二维码[19]	INT		0					ns=4;s=上位机通讯|S07位置3二维码[19]
	S07位置3二维码[20]	INT		0					ns=4;s=上位机通讯|S07位置3二维码[20]
	S07位置3二维码[21]	INT		0					ns=4;s=上位机通讯|S07位置3二维码[21]
	S07位置3二维码[22]	INT		0					ns=4;s=上位机通讯|S07位置3二维码[22]
	S07位置3二维码[23]	INT		0					ns=4;s=上位机通讯|S07位置3二维码[23]
	S07位置3二维码[24]	INT		0					ns=4;s=上位机通讯|S07位置3二维码[24]
	S07位置3二维码[25]	INT		0					ns=4;s=上位机通讯|S07位置3二维码[25]
	S07位置3二维码[26]	INT		0					ns=4;s=上位机通讯|S07位置3二维码[26]
	S07位置3二维码[27]	INT		0					ns=4;s=上位机通讯|S07位置3二维码[27]
	S07位置3二维码[28]	INT		0					ns=4;s=上位机通讯|S07位置3二维码[28]
	S07位置3二维码[29]	INT		0					ns=4;s=上位机通讯|S07位置3二维码[29]
	S07位置3二维码[30]	INT		0					ns=4;s=上位机通讯|S07位置3二维码[30]
	S07位置3二维码[31]	INT		0					ns=4;s=上位机通讯|S07位置3二维码[31]
	S07位置3二维码[32]	INT		0					ns=4;s=上位机通讯|S07位置3二维码[32]
	S07位置3二维码[33]	INT		0					ns=4;s=上位机通讯|S07位置3二维码[33]
	S07位置3二维码[34]	INT		0					ns=4;s=上位机通讯|S07位置3二维码[34]
	S07位置3二维码[35]	INT		0					ns=4;s=上位机通讯|S07位置3二维码[35]
	S07位置3二维码[36]	INT		0					ns=4;s=上位机通讯|S07位置3二维码[36]
	S07位置3二维码[37]	INT		0					ns=4;s=上位机通讯|S07位置3二维码[37]
	S07位置3二维码[38]	INT		0					ns=4;s=上位机通讯|S07位置3二维码[38]
	S07位置3二维码[39]	INT		0					ns=4;s=上位机通讯|S07位置3二维码[39]
	S07位置3二维码[40]	INT		0					ns=4;s=上位机通讯|S07位置3二维码[40]
	S07位置3二维码[41]	INT		0					ns=4;s=上位机通讯|S07位置3二维码[41]
	S07位置3二维码[42]	INT		0					ns=4;s=上位机通讯|S07位置3二维码[42]
	S07位置3二维码[43]	INT		0					ns=4;s=上位机通讯|S07位置3二维码[43]
	S07位置3二维码[44]	INT		0					ns=4;s=上位机通讯|S07位置3二维码[44]
	S07位置3二维码[45]	INT		0					ns=4;s=上位机通讯|S07位置3二维码[45]
	S07位置3二维码[46]	INT		0					ns=4;s=上位机通讯|S07位置3二维码[46]
	S07位置3二维码[47]	INT		0					ns=4;s=上位机通讯|S07位置3二维码[47]
	S07位置3二维码[48]	INT		0					ns=4;s=上位机通讯|S07位置3二维码[48]
	S07位置3二维码[49]	INT		0					ns=4;s=上位机通讯|S07位置3二维码[49]
	S07位置3二维码[50]	INT		0					ns=4;s=上位机通讯|S07位置3二维码[50]
	S07位置3二维码[51]	INT		0					ns=4;s=上位机通讯|S07位置3二维码[51]
	S07位置3二维码[52]	INT		0					ns=4;s=上位机通讯|S07位置3二维码[52]
	S07位置3二维码[53]	INT		0					ns=4;s=上位机通讯|S07位置3二维码[53]
	S07位置3二维码[54]	INT		0					ns=4;s=上位机通讯|S07位置3二维码[54]
	S07位置3二维码[55]	INT		0					ns=4;s=上位机通讯|S07位置3二维码[55]
	S07位置3二维码[56]	INT		0					ns=4;s=上位机通讯|S07位置3二维码[56]
	S07位置3二维码[57]	INT		0					ns=4;s=上位机通讯|S07位置3二维码[57]
	S07位置3二维码[58]	INT		0					ns=4;s=上位机通讯|S07位置3二维码[58]
	S07位置3二维码[59]	INT		0					ns=4;s=上位机通讯|S07位置3二维码[59]
	S07位置3二维码[60]	INT		0					ns=4;s=上位机通讯|S07位置3二维码[60]
	S07位置3二维码[61]	INT		0					ns=4;s=上位机通讯|S07位置3二维码[61]
	S07位置3二维码[62]	INT		0					ns=4;s=上位机通讯|S07位置3二维码[62]
	S07位置3二维码[63]	INT		0					ns=4;s=上位机通讯|S07位置3二维码[63]
	S07位置3二维码[64]	INT		0					ns=4;s=上位机通讯|S07位置3二维码[64]
	S07位置3二维码[65]	INT		0					ns=4;s=上位机通讯|S07位置3二维码[65]
	S07位置3二维码[66]	INT		0					ns=4;s=上位机通讯|S07位置3二维码[66]
	S07位置3二维码[67]	INT		0					ns=4;s=上位机通讯|S07位置3二维码[67]
	S07位置3二维码[68]	INT		0					ns=4;s=上位机通讯|S07位置3二维码[68]
	S07位置3二维码[69]	INT		0					ns=4;s=上位机通讯|S07位置3二维码[69]
	S07位置3二维码[70]	INT		0					ns=4;s=上位机通讯|S07位置3二维码[70]
	S07位置3二维码[71]	INT		0					ns=4;s=上位机通讯|S07位置3二维码[71]
	S07位置3二维码[72]	INT		0					ns=4;s=上位机通讯|S07位置3二维码[72]
	S07位置3二维码[73]	INT		0					ns=4;s=上位机通讯|S07位置3二维码[73]
	S07位置3二维码[74]	INT		0					ns=4;s=上位机通讯|S07位置3二维码[74]
	S07位置3二维码[75]	INT		0					ns=4;s=上位机通讯|S07位置3二维码[75]
	S07位置3二维码[76]	INT		0					ns=4;s=上位机通讯|S07位置3二维码[76]
	S07位置3二维码[77]	INT		0					ns=4;s=上位机通讯|S07位置3二维码[77]
	S07位置3二维码[78]	INT		0					ns=4;s=上位机通讯|S07位置3二维码[78]
	S07位置3二维码[79]	INT		0					ns=4;s=上位机通讯|S07位置3二维码[79]
	S07位置3二维码[80]	INT		0					ns=4;s=上位机通讯|S07位置3二维码[80]
	S07位置3二维码[81]	INT		0					ns=4;s=上位机通讯|S07位置3二维码[81]
	S07位置3二维码[82]	INT		0					ns=4;s=上位机通讯|S07位置3二维码[82]
	S07位置3二维码[83]	INT		0					ns=4;s=上位机通讯|S07位置3二维码[83]
	S07位置3二维码[84]	INT		0					ns=4;s=上位机通讯|S07位置3二维码[84]
	S07位置3二维码[85]	INT		0					ns=4;s=上位机通讯|S07位置3二维码[85]
	S07位置3二维码[86]	INT		0					ns=4;s=上位机通讯|S07位置3二维码[86]
	S07位置3二维码[87]	INT		0					ns=4;s=上位机通讯|S07位置3二维码[87]
	S07位置3二维码[88]	INT		0					ns=4;s=上位机通讯|S07位置3二维码[88]
	S07位置3二维码[89]	INT		0					ns=4;s=上位机通讯|S07位置3二维码[89]
	S07位置3二维码[90]	INT		0					ns=4;s=上位机通讯|S07位置3二维码[90]
	S07位置3二维码[91]	INT		0					ns=4;s=上位机通讯|S07位置3二维码[91]
	S07位置3二维码[92]	INT		0					ns=4;s=上位机通讯|S07位置3二维码[92]
	S07位置3二维码[93]	INT		0					ns=4;s=上位机通讯|S07位置3二维码[93]
	S07位置3二维码[94]	INT		0					ns=4;s=上位机通讯|S07位置3二维码[94]
	S07位置3二维码[95]	INT		0					ns=4;s=上位机通讯|S07位置3二维码[95]
	S07位置3二维码[96]	INT		0					ns=4;s=上位机通讯|S07位置3二维码[96]
	S07位置3二维码[97]	INT		0					ns=4;s=上位机通讯|S07位置3二维码[97]
	S07位置3二维码[98]	INT		0					ns=4;s=上位机通讯|S07位置3二维码[98]
	S07位置3二维码[99]	INT		0					ns=4;s=上位机通讯|S07位置3二维码[99]
137	S07位置4二维码	INT[100]		...	保持	公有	PLC-PC		ns=4;s=上位机通讯|S07位置4二维码
	S07位置4二维码[0]	INT		0					ns=4;s=上位机通讯|S07位置4二维码[0]
	S07位置4二维码[1]	INT		0					ns=4;s=上位机通讯|S07位置4二维码[1]
	S07位置4二维码[2]	INT		0					ns=4;s=上位机通讯|S07位置4二维码[2]
	S07位置4二维码[3]	INT		0					ns=4;s=上位机通讯|S07位置4二维码[3]
	S07位置4二维码[4]	INT		0					ns=4;s=上位机通讯|S07位置4二维码[4]
	S07位置4二维码[5]	INT		0					ns=4;s=上位机通讯|S07位置4二维码[5]
	S07位置4二维码[6]	INT		0					ns=4;s=上位机通讯|S07位置4二维码[6]
	S07位置4二维码[7]	INT		0					ns=4;s=上位机通讯|S07位置4二维码[7]
	S07位置4二维码[8]	INT		0					ns=4;s=上位机通讯|S07位置4二维码[8]
	S07位置4二维码[9]	INT		0					ns=4;s=上位机通讯|S07位置4二维码[9]
	S07位置4二维码[10]	INT		0					ns=4;s=上位机通讯|S07位置4二维码[10]
	S07位置4二维码[11]	INT		0					ns=4;s=上位机通讯|S07位置4二维码[11]
	S07位置4二维码[12]	INT		0					ns=4;s=上位机通讯|S07位置4二维码[12]
	S07位置4二维码[13]	INT		0					ns=4;s=上位机通讯|S07位置4二维码[13]
	S07位置4二维码[14]	INT		0					ns=4;s=上位机通讯|S07位置4二维码[14]
	S07位置4二维码[15]	INT		0					ns=4;s=上位机通讯|S07位置4二维码[15]
	S07位置4二维码[16]	INT		0					ns=4;s=上位机通讯|S07位置4二维码[16]
	S07位置4二维码[17]	INT		0					ns=4;s=上位机通讯|S07位置4二维码[17]
	S07位置4二维码[18]	INT		0					ns=4;s=上位机通讯|S07位置4二维码[18]
	S07位置4二维码[19]	INT		0					ns=4;s=上位机通讯|S07位置4二维码[19]
	S07位置4二维码[20]	INT		0					ns=4;s=上位机通讯|S07位置4二维码[20]
	S07位置4二维码[21]	INT		0					ns=4;s=上位机通讯|S07位置4二维码[21]
	S07位置4二维码[22]	INT		0					ns=4;s=上位机通讯|S07位置4二维码[22]
	S07位置4二维码[23]	INT		0					ns=4;s=上位机通讯|S07位置4二维码[23]
	S07位置4二维码[24]	INT		0					ns=4;s=上位机通讯|S07位置4二维码[24]
	S07位置4二维码[25]	INT		0					ns=4;s=上位机通讯|S07位置4二维码[25]
	S07位置4二维码[26]	INT		0					ns=4;s=上位机通讯|S07位置4二维码[26]
	S07位置4二维码[27]	INT		0					ns=4;s=上位机通讯|S07位置4二维码[27]
	S07位置4二维码[28]	INT		0					ns=4;s=上位机通讯|S07位置4二维码[28]
	S07位置4二维码[29]	INT		0					ns=4;s=上位机通讯|S07位置4二维码[29]
	S07位置4二维码[30]	INT		0					ns=4;s=上位机通讯|S07位置4二维码[30]
	S07位置4二维码[31]	INT		0					ns=4;s=上位机通讯|S07位置4二维码[31]
	S07位置4二维码[32]	INT		0					ns=4;s=上位机通讯|S07位置4二维码[32]
	S07位置4二维码[33]	INT		0					ns=4;s=上位机通讯|S07位置4二维码[33]
	S07位置4二维码[34]	INT		0					ns=4;s=上位机通讯|S07位置4二维码[34]
	S07位置4二维码[35]	INT		0					ns=4;s=上位机通讯|S07位置4二维码[35]
	S07位置4二维码[36]	INT		0					ns=4;s=上位机通讯|S07位置4二维码[36]
	S07位置4二维码[37]	INT		0					ns=4;s=上位机通讯|S07位置4二维码[37]
	S07位置4二维码[38]	INT		0					ns=4;s=上位机通讯|S07位置4二维码[38]
	S07位置4二维码[39]	INT		0					ns=4;s=上位机通讯|S07位置4二维码[39]
	S07位置4二维码[40]	INT		0					ns=4;s=上位机通讯|S07位置4二维码[40]
	S07位置4二维码[41]	INT		0					ns=4;s=上位机通讯|S07位置4二维码[41]
	S07位置4二维码[42]	INT		0					ns=4;s=上位机通讯|S07位置4二维码[42]
	S07位置4二维码[43]	INT		0					ns=4;s=上位机通讯|S07位置4二维码[43]
	S07位置4二维码[44]	INT		0					ns=4;s=上位机通讯|S07位置4二维码[44]
	S07位置4二维码[45]	INT		0					ns=4;s=上位机通讯|S07位置4二维码[45]
	S07位置4二维码[46]	INT		0					ns=4;s=上位机通讯|S07位置4二维码[46]
	S07位置4二维码[47]	INT		0					ns=4;s=上位机通讯|S07位置4二维码[47]
	S07位置4二维码[48]	INT		0					ns=4;s=上位机通讯|S07位置4二维码[48]
	S07位置4二维码[49]	INT		0					ns=4;s=上位机通讯|S07位置4二维码[49]
	S07位置4二维码[50]	INT		0					ns=4;s=上位机通讯|S07位置4二维码[50]
	S07位置4二维码[51]	INT		0					ns=4;s=上位机通讯|S07位置4二维码[51]
	S07位置4二维码[52]	INT		0					ns=4;s=上位机通讯|S07位置4二维码[52]
	S07位置4二维码[53]	INT		0					ns=4;s=上位机通讯|S07位置4二维码[53]
	S07位置4二维码[54]	INT		0					ns=4;s=上位机通讯|S07位置4二维码[54]
	S07位置4二维码[55]	INT		0					ns=4;s=上位机通讯|S07位置4二维码[55]
	S07位置4二维码[56]	INT		0					ns=4;s=上位机通讯|S07位置4二维码[56]
	S07位置4二维码[57]	INT		0					ns=4;s=上位机通讯|S07位置4二维码[57]
	S07位置4二维码[58]	INT		0					ns=4;s=上位机通讯|S07位置4二维码[58]
	S07位置4二维码[59]	INT		0					ns=4;s=上位机通讯|S07位置4二维码[59]
	S07位置4二维码[60]	INT		0					ns=4;s=上位机通讯|S07位置4二维码[60]
	S07位置4二维码[61]	INT		0					ns=4;s=上位机通讯|S07位置4二维码[61]
	S07位置4二维码[62]	INT		0					ns=4;s=上位机通讯|S07位置4二维码[62]
	S07位置4二维码[63]	INT		0					ns=4;s=上位机通讯|S07位置4二维码[63]
	S07位置4二维码[64]	INT		0					ns=4;s=上位机通讯|S07位置4二维码[64]
	S07位置4二维码[65]	INT		0					ns=4;s=上位机通讯|S07位置4二维码[65]
	S07位置4二维码[66]	INT		0					ns=4;s=上位机通讯|S07位置4二维码[66]
	S07位置4二维码[67]	INT		0					ns=4;s=上位机通讯|S07位置4二维码[67]
	S07位置4二维码[68]	INT		0					ns=4;s=上位机通讯|S07位置4二维码[68]
	S07位置4二维码[69]	INT		0					ns=4;s=上位机通讯|S07位置4二维码[69]
	S07位置4二维码[70]	INT		0					ns=4;s=上位机通讯|S07位置4二维码[70]
	S07位置4二维码[71]	INT		0					ns=4;s=上位机通讯|S07位置4二维码[71]
	S07位置4二维码[72]	INT		0					ns=4;s=上位机通讯|S07位置4二维码[72]
	S07位置4二维码[73]	INT		0					ns=4;s=上位机通讯|S07位置4二维码[73]
	S07位置4二维码[74]	INT		0					ns=4;s=上位机通讯|S07位置4二维码[74]
	S07位置4二维码[75]	INT		0					ns=4;s=上位机通讯|S07位置4二维码[75]
	S07位置4二维码[76]	INT		0					ns=4;s=上位机通讯|S07位置4二维码[76]
	S07位置4二维码[77]	INT		0					ns=4;s=上位机通讯|S07位置4二维码[77]
	S07位置4二维码[78]	INT		0					ns=4;s=上位机通讯|S07位置4二维码[78]
	S07位置4二维码[79]	INT		0					ns=4;s=上位机通讯|S07位置4二维码[79]
	S07位置4二维码[80]	INT		0					ns=4;s=上位机通讯|S07位置4二维码[80]
	S07位置4二维码[81]	INT		0					ns=4;s=上位机通讯|S07位置4二维码[81]
	S07位置4二维码[82]	INT		0					ns=4;s=上位机通讯|S07位置4二维码[82]
	S07位置4二维码[83]	INT		0					ns=4;s=上位机通讯|S07位置4二维码[83]
	S07位置4二维码[84]	INT		0					ns=4;s=上位机通讯|S07位置4二维码[84]
	S07位置4二维码[85]	INT		0					ns=4;s=上位机通讯|S07位置4二维码[85]
	S07位置4二维码[86]	INT		0					ns=4;s=上位机通讯|S07位置4二维码[86]
	S07位置4二维码[87]	INT		0					ns=4;s=上位机通讯|S07位置4二维码[87]
	S07位置4二维码[88]	INT		0					ns=4;s=上位机通讯|S07位置4二维码[88]
	S07位置4二维码[89]	INT		0					ns=4;s=上位机通讯|S07位置4二维码[89]
	S07位置4二维码[90]	INT		0					ns=4;s=上位机通讯|S07位置4二维码[90]
	S07位置4二维码[91]	INT		0					ns=4;s=上位机通讯|S07位置4二维码[91]
	S07位置4二维码[92]	INT		0					ns=4;s=上位机通讯|S07位置4二维码[92]
	S07位置4二维码[93]	INT		0					ns=4;s=上位机通讯|S07位置4二维码[93]
	S07位置4二维码[94]	INT		0					ns=4;s=上位机通讯|S07位置4二维码[94]
	S07位置4二维码[95]	INT		0					ns=4;s=上位机通讯|S07位置4二维码[95]
	S07位置4二维码[96]	INT		0					ns=4;s=上位机通讯|S07位置4二维码[96]
	S07位置4二维码[97]	INT		0					ns=4;s=上位机通讯|S07位置4二维码[97]
	S07位置4二维码[98]	INT		0					ns=4;s=上位机通讯|S07位置4二维码[98]
	S07位置4二维码[99]	INT		0					ns=4;s=上位机通讯|S07位置4二维码[99]
138	S07位置5二维码	INT[100]		...	保持	公有	PLC-PC		ns=4;s=上位机通讯|S07位置5二维码
	S07位置5二维码[0]	INT		0					ns=4;s=上位机通讯|S07位置5二维码[0]
	S07位置5二维码[1]	INT		0					ns=4;s=上位机通讯|S07位置5二维码[1]
	S07位置5二维码[2]	INT		0					ns=4;s=上位机通讯|S07位置5二维码[2]
	S07位置5二维码[3]	INT		0					ns=4;s=上位机通讯|S07位置5二维码[3]
	S07位置5二维码[4]	INT		0					ns=4;s=上位机通讯|S07位置5二维码[4]
	S07位置5二维码[5]	INT		0					ns=4;s=上位机通讯|S07位置5二维码[5]
	S07位置5二维码[6]	INT		0					ns=4;s=上位机通讯|S07位置5二维码[6]
	S07位置5二维码[7]	INT		0					ns=4;s=上位机通讯|S07位置5二维码[7]
	S07位置5二维码[8]	INT		0					ns=4;s=上位机通讯|S07位置5二维码[8]
	S07位置5二维码[9]	INT		0					ns=4;s=上位机通讯|S07位置5二维码[9]
	S07位置5二维码[10]	INT		0					ns=4;s=上位机通讯|S07位置5二维码[10]
	S07位置5二维码[11]	INT		0					ns=4;s=上位机通讯|S07位置5二维码[11]
	S07位置5二维码[12]	INT		0					ns=4;s=上位机通讯|S07位置5二维码[12]
	S07位置5二维码[13]	INT		0					ns=4;s=上位机通讯|S07位置5二维码[13]
	S07位置5二维码[14]	INT		0					ns=4;s=上位机通讯|S07位置5二维码[14]
	S07位置5二维码[15]	INT		0					ns=4;s=上位机通讯|S07位置5二维码[15]
	S07位置5二维码[16]	INT		0					ns=4;s=上位机通讯|S07位置5二维码[16]
	S07位置5二维码[17]	INT		0					ns=4;s=上位机通讯|S07位置5二维码[17]
	S07位置5二维码[18]	INT		0					ns=4;s=上位机通讯|S07位置5二维码[18]
	S07位置5二维码[19]	INT		0					ns=4;s=上位机通讯|S07位置5二维码[19]
	S07位置5二维码[20]	INT		0					ns=4;s=上位机通讯|S07位置5二维码[20]
	S07位置5二维码[21]	INT		0					ns=4;s=上位机通讯|S07位置5二维码[21]
	S07位置5二维码[22]	INT		0					ns=4;s=上位机通讯|S07位置5二维码[22]
	S07位置5二维码[23]	INT		0					ns=4;s=上位机通讯|S07位置5二维码[23]
	S07位置5二维码[24]	INT		0					ns=4;s=上位机通讯|S07位置5二维码[24]
	S07位置5二维码[25]	INT		0					ns=4;s=上位机通讯|S07位置5二维码[25]
	S07位置5二维码[26]	INT		0					ns=4;s=上位机通讯|S07位置5二维码[26]
	S07位置5二维码[27]	INT		0					ns=4;s=上位机通讯|S07位置5二维码[27]
	S07位置5二维码[28]	INT		0					ns=4;s=上位机通讯|S07位置5二维码[28]
	S07位置5二维码[29]	INT		0					ns=4;s=上位机通讯|S07位置5二维码[29]
	S07位置5二维码[30]	INT		0					ns=4;s=上位机通讯|S07位置5二维码[30]
	S07位置5二维码[31]	INT		0					ns=4;s=上位机通讯|S07位置5二维码[31]
	S07位置5二维码[32]	INT		0					ns=4;s=上位机通讯|S07位置5二维码[32]
	S07位置5二维码[33]	INT		0					ns=4;s=上位机通讯|S07位置5二维码[33]
	S07位置5二维码[34]	INT		0					ns=4;s=上位机通讯|S07位置5二维码[34]
	S07位置5二维码[35]	INT		0					ns=4;s=上位机通讯|S07位置5二维码[35]
	S07位置5二维码[36]	INT		0					ns=4;s=上位机通讯|S07位置5二维码[36]
	S07位置5二维码[37]	INT		0					ns=4;s=上位机通讯|S07位置5二维码[37]
	S07位置5二维码[38]	INT		0					ns=4;s=上位机通讯|S07位置5二维码[38]
	S07位置5二维码[39]	INT		0					ns=4;s=上位机通讯|S07位置5二维码[39]
	S07位置5二维码[40]	INT		0					ns=4;s=上位机通讯|S07位置5二维码[40]
	S07位置5二维码[41]	INT		0					ns=4;s=上位机通讯|S07位置5二维码[41]
	S07位置5二维码[42]	INT		0					ns=4;s=上位机通讯|S07位置5二维码[42]
	S07位置5二维码[43]	INT		0					ns=4;s=上位机通讯|S07位置5二维码[43]
	S07位置5二维码[44]	INT		0					ns=4;s=上位机通讯|S07位置5二维码[44]
	S07位置5二维码[45]	INT		0					ns=4;s=上位机通讯|S07位置5二维码[45]
	S07位置5二维码[46]	INT		0					ns=4;s=上位机通讯|S07位置5二维码[46]
	S07位置5二维码[47]	INT		0					ns=4;s=上位机通讯|S07位置5二维码[47]
	S07位置5二维码[48]	INT		0					ns=4;s=上位机通讯|S07位置5二维码[48]
	S07位置5二维码[49]	INT		0					ns=4;s=上位机通讯|S07位置5二维码[49]
	S07位置5二维码[50]	INT		0					ns=4;s=上位机通讯|S07位置5二维码[50]
	S07位置5二维码[51]	INT		0					ns=4;s=上位机通讯|S07位置5二维码[51]
	S07位置5二维码[52]	INT		0					ns=4;s=上位机通讯|S07位置5二维码[52]
	S07位置5二维码[53]	INT		0					ns=4;s=上位机通讯|S07位置5二维码[53]
	S07位置5二维码[54]	INT		0					ns=4;s=上位机通讯|S07位置5二维码[54]
	S07位置5二维码[55]	INT		0					ns=4;s=上位机通讯|S07位置5二维码[55]
	S07位置5二维码[56]	INT		0					ns=4;s=上位机通讯|S07位置5二维码[56]
	S07位置5二维码[57]	INT		0					ns=4;s=上位机通讯|S07位置5二维码[57]
	S07位置5二维码[58]	INT		0					ns=4;s=上位机通讯|S07位置5二维码[58]
	S07位置5二维码[59]	INT		0					ns=4;s=上位机通讯|S07位置5二维码[59]
	S07位置5二维码[60]	INT		0					ns=4;s=上位机通讯|S07位置5二维码[60]
	S07位置5二维码[61]	INT		0					ns=4;s=上位机通讯|S07位置5二维码[61]
	S07位置5二维码[62]	INT		0					ns=4;s=上位机通讯|S07位置5二维码[62]
	S07位置5二维码[63]	INT		0					ns=4;s=上位机通讯|S07位置5二维码[63]
	S07位置5二维码[64]	INT		0					ns=4;s=上位机通讯|S07位置5二维码[64]
	S07位置5二维码[65]	INT		0					ns=4;s=上位机通讯|S07位置5二维码[65]
	S07位置5二维码[66]	INT		0					ns=4;s=上位机通讯|S07位置5二维码[66]
	S07位置5二维码[67]	INT		0					ns=4;s=上位机通讯|S07位置5二维码[67]
	S07位置5二维码[68]	INT		0					ns=4;s=上位机通讯|S07位置5二维码[68]
	S07位置5二维码[69]	INT		0					ns=4;s=上位机通讯|S07位置5二维码[69]
	S07位置5二维码[70]	INT		0					ns=4;s=上位机通讯|S07位置5二维码[70]
	S07位置5二维码[71]	INT		0					ns=4;s=上位机通讯|S07位置5二维码[71]
	S07位置5二维码[72]	INT		0					ns=4;s=上位机通讯|S07位置5二维码[72]
	S07位置5二维码[73]	INT		0					ns=4;s=上位机通讯|S07位置5二维码[73]
	S07位置5二维码[74]	INT		0					ns=4;s=上位机通讯|S07位置5二维码[74]
	S07位置5二维码[75]	INT		0					ns=4;s=上位机通讯|S07位置5二维码[75]
	S07位置5二维码[76]	INT		0					ns=4;s=上位机通讯|S07位置5二维码[76]
	S07位置5二维码[77]	INT		0					ns=4;s=上位机通讯|S07位置5二维码[77]
	S07位置5二维码[78]	INT		0					ns=4;s=上位机通讯|S07位置5二维码[78]
	S07位置5二维码[79]	INT		0					ns=4;s=上位机通讯|S07位置5二维码[79]
	S07位置5二维码[80]	INT		0					ns=4;s=上位机通讯|S07位置5二维码[80]
	S07位置5二维码[81]	INT		0					ns=4;s=上位机通讯|S07位置5二维码[81]
	S07位置5二维码[82]	INT		0					ns=4;s=上位机通讯|S07位置5二维码[82]
	S07位置5二维码[83]	INT		0					ns=4;s=上位机通讯|S07位置5二维码[83]
	S07位置5二维码[84]	INT		0					ns=4;s=上位机通讯|S07位置5二维码[84]
	S07位置5二维码[85]	INT		0					ns=4;s=上位机通讯|S07位置5二维码[85]
	S07位置5二维码[86]	INT		0					ns=4;s=上位机通讯|S07位置5二维码[86]
	S07位置5二维码[87]	INT		0					ns=4;s=上位机通讯|S07位置5二维码[87]
	S07位置5二维码[88]	INT		0					ns=4;s=上位机通讯|S07位置5二维码[88]
	S07位置5二维码[89]	INT		0					ns=4;s=上位机通讯|S07位置5二维码[89]
	S07位置5二维码[90]	INT		0					ns=4;s=上位机通讯|S07位置5二维码[90]
	S07位置5二维码[91]	INT		0					ns=4;s=上位机通讯|S07位置5二维码[91]
	S07位置5二维码[92]	INT		0					ns=4;s=上位机通讯|S07位置5二维码[92]
	S07位置5二维码[93]	INT		0					ns=4;s=上位机通讯|S07位置5二维码[93]
	S07位置5二维码[94]	INT		0					ns=4;s=上位机通讯|S07位置5二维码[94]
	S07位置5二维码[95]	INT		0					ns=4;s=上位机通讯|S07位置5二维码[95]
	S07位置5二维码[96]	INT		0					ns=4;s=上位机通讯|S07位置5二维码[96]
	S07位置5二维码[97]	INT		0					ns=4;s=上位机通讯|S07位置5二维码[97]
	S07位置5二维码[98]	INT		0					ns=4;s=上位机通讯|S07位置5二维码[98]
	S07位置5二维码[99]	INT		0					ns=4;s=上位机通讯|S07位置5二维码[99]
139	S07位置6二维码	INT[100]		...	保持	公有	PLC-PC		ns=4;s=上位机通讯|S07位置6二维码
	S07位置6二维码[0]	INT		0					ns=4;s=上位机通讯|S07位置6二维码[0]
	S07位置6二维码[1]	INT		0					ns=4;s=上位机通讯|S07位置6二维码[1]
	S07位置6二维码[2]	INT		0					ns=4;s=上位机通讯|S07位置6二维码[2]
	S07位置6二维码[3]	INT		0					ns=4;s=上位机通讯|S07位置6二维码[3]
	S07位置6二维码[4]	INT		0					ns=4;s=上位机通讯|S07位置6二维码[4]
	S07位置6二维码[5]	INT		0					ns=4;s=上位机通讯|S07位置6二维码[5]
	S07位置6二维码[6]	INT		0					ns=4;s=上位机通讯|S07位置6二维码[6]
	S07位置6二维码[7]	INT		0					ns=4;s=上位机通讯|S07位置6二维码[7]
	S07位置6二维码[8]	INT		0					ns=4;s=上位机通讯|S07位置6二维码[8]
	S07位置6二维码[9]	INT		0					ns=4;s=上位机通讯|S07位置6二维码[9]
	S07位置6二维码[10]	INT		0					ns=4;s=上位机通讯|S07位置6二维码[10]
	S07位置6二维码[11]	INT		0					ns=4;s=上位机通讯|S07位置6二维码[11]
	S07位置6二维码[12]	INT		0					ns=4;s=上位机通讯|S07位置6二维码[12]
	S07位置6二维码[13]	INT		0					ns=4;s=上位机通讯|S07位置6二维码[13]
	S07位置6二维码[14]	INT		0					ns=4;s=上位机通讯|S07位置6二维码[14]
	S07位置6二维码[15]	INT		0					ns=4;s=上位机通讯|S07位置6二维码[15]
	S07位置6二维码[16]	INT		0					ns=4;s=上位机通讯|S07位置6二维码[16]
	S07位置6二维码[17]	INT		0					ns=4;s=上位机通讯|S07位置6二维码[17]
	S07位置6二维码[18]	INT		0					ns=4;s=上位机通讯|S07位置6二维码[18]
	S07位置6二维码[19]	INT		0					ns=4;s=上位机通讯|S07位置6二维码[19]
	S07位置6二维码[20]	INT		0					ns=4;s=上位机通讯|S07位置6二维码[20]
	S07位置6二维码[21]	INT		0					ns=4;s=上位机通讯|S07位置6二维码[21]
	S07位置6二维码[22]	INT		0					ns=4;s=上位机通讯|S07位置6二维码[22]
	S07位置6二维码[23]	INT		0					ns=4;s=上位机通讯|S07位置6二维码[23]
	S07位置6二维码[24]	INT		0					ns=4;s=上位机通讯|S07位置6二维码[24]
	S07位置6二维码[25]	INT		0					ns=4;s=上位机通讯|S07位置6二维码[25]
	S07位置6二维码[26]	INT		0					ns=4;s=上位机通讯|S07位置6二维码[26]
	S07位置6二维码[27]	INT		0					ns=4;s=上位机通讯|S07位置6二维码[27]
	S07位置6二维码[28]	INT		0					ns=4;s=上位机通讯|S07位置6二维码[28]
	S07位置6二维码[29]	INT		0					ns=4;s=上位机通讯|S07位置6二维码[29]
	S07位置6二维码[30]	INT		0					ns=4;s=上位机通讯|S07位置6二维码[30]
	S07位置6二维码[31]	INT		0					ns=4;s=上位机通讯|S07位置6二维码[31]
	S07位置6二维码[32]	INT		0					ns=4;s=上位机通讯|S07位置6二维码[32]
	S07位置6二维码[33]	INT		0					ns=4;s=上位机通讯|S07位置6二维码[33]
	S07位置6二维码[34]	INT		0					ns=4;s=上位机通讯|S07位置6二维码[34]
	S07位置6二维码[35]	INT		0					ns=4;s=上位机通讯|S07位置6二维码[35]
	S07位置6二维码[36]	INT		0					ns=4;s=上位机通讯|S07位置6二维码[36]
	S07位置6二维码[37]	INT		0					ns=4;s=上位机通讯|S07位置6二维码[37]
	S07位置6二维码[38]	INT		0					ns=4;s=上位机通讯|S07位置6二维码[38]
	S07位置6二维码[39]	INT		0					ns=4;s=上位机通讯|S07位置6二维码[39]
	S07位置6二维码[40]	INT		0					ns=4;s=上位机通讯|S07位置6二维码[40]
	S07位置6二维码[41]	INT		0					ns=4;s=上位机通讯|S07位置6二维码[41]
	S07位置6二维码[42]	INT		0					ns=4;s=上位机通讯|S07位置6二维码[42]
	S07位置6二维码[43]	INT		0					ns=4;s=上位机通讯|S07位置6二维码[43]
	S07位置6二维码[44]	INT		0					ns=4;s=上位机通讯|S07位置6二维码[44]
	S07位置6二维码[45]	INT		0					ns=4;s=上位机通讯|S07位置6二维码[45]
	S07位置6二维码[46]	INT		0					ns=4;s=上位机通讯|S07位置6二维码[46]
	S07位置6二维码[47]	INT		0					ns=4;s=上位机通讯|S07位置6二维码[47]
	S07位置6二维码[48]	INT		0					ns=4;s=上位机通讯|S07位置6二维码[48]
	S07位置6二维码[49]	INT		0					ns=4;s=上位机通讯|S07位置6二维码[49]
	S07位置6二维码[50]	INT		0					ns=4;s=上位机通讯|S07位置6二维码[50]
	S07位置6二维码[51]	INT		0					ns=4;s=上位机通讯|S07位置6二维码[51]
	S07位置6二维码[52]	INT		0					ns=4;s=上位机通讯|S07位置6二维码[52]
	S07位置6二维码[53]	INT		0					ns=4;s=上位机通讯|S07位置6二维码[53]
	S07位置6二维码[54]	INT		0					ns=4;s=上位机通讯|S07位置6二维码[54]
	S07位置6二维码[55]	INT		0					ns=4;s=上位机通讯|S07位置6二维码[55]
	S07位置6二维码[56]	INT		0					ns=4;s=上位机通讯|S07位置6二维码[56]
	S07位置6二维码[57]	INT		0					ns=4;s=上位机通讯|S07位置6二维码[57]
	S07位置6二维码[58]	INT		0					ns=4;s=上位机通讯|S07位置6二维码[58]
	S07位置6二维码[59]	INT		0					ns=4;s=上位机通讯|S07位置6二维码[59]
	S07位置6二维码[60]	INT		0					ns=4;s=上位机通讯|S07位置6二维码[60]
	S07位置6二维码[61]	INT		0					ns=4;s=上位机通讯|S07位置6二维码[61]
	S07位置6二维码[62]	INT		0					ns=4;s=上位机通讯|S07位置6二维码[62]
	S07位置6二维码[63]	INT		0					ns=4;s=上位机通讯|S07位置6二维码[63]
	S07位置6二维码[64]	INT		0					ns=4;s=上位机通讯|S07位置6二维码[64]
	S07位置6二维码[65]	INT		0					ns=4;s=上位机通讯|S07位置6二维码[65]
	S07位置6二维码[66]	INT		0					ns=4;s=上位机通讯|S07位置6二维码[66]
	S07位置6二维码[67]	INT		0					ns=4;s=上位机通讯|S07位置6二维码[67]
	S07位置6二维码[68]	INT		0					ns=4;s=上位机通讯|S07位置6二维码[68]
	S07位置6二维码[69]	INT		0					ns=4;s=上位机通讯|S07位置6二维码[69]
	S07位置6二维码[70]	INT		0					ns=4;s=上位机通讯|S07位置6二维码[70]
	S07位置6二维码[71]	INT		0					ns=4;s=上位机通讯|S07位置6二维码[71]
	S07位置6二维码[72]	INT		0					ns=4;s=上位机通讯|S07位置6二维码[72]
	S07位置6二维码[73]	INT		0					ns=4;s=上位机通讯|S07位置6二维码[73]
	S07位置6二维码[74]	INT		0					ns=4;s=上位机通讯|S07位置6二维码[74]
	S07位置6二维码[75]	INT		0					ns=4;s=上位机通讯|S07位置6二维码[75]
	S07位置6二维码[76]	INT		0					ns=4;s=上位机通讯|S07位置6二维码[76]
	S07位置6二维码[77]	INT		0					ns=4;s=上位机通讯|S07位置6二维码[77]
	S07位置6二维码[78]	INT		0					ns=4;s=上位机通讯|S07位置6二维码[78]
	S07位置6二维码[79]	INT		0					ns=4;s=上位机通讯|S07位置6二维码[79]
	S07位置6二维码[80]	INT		0					ns=4;s=上位机通讯|S07位置6二维码[80]
	S07位置6二维码[81]	INT		0					ns=4;s=上位机通讯|S07位置6二维码[81]
	S07位置6二维码[82]	INT		0					ns=4;s=上位机通讯|S07位置6二维码[82]
	S07位置6二维码[83]	INT		0					ns=4;s=上位机通讯|S07位置6二维码[83]
	S07位置6二维码[84]	INT		0					ns=4;s=上位机通讯|S07位置6二维码[84]
	S07位置6二维码[85]	INT		0					ns=4;s=上位机通讯|S07位置6二维码[85]
	S07位置6二维码[86]	INT		0					ns=4;s=上位机通讯|S07位置6二维码[86]
	S07位置6二维码[87]	INT		0					ns=4;s=上位机通讯|S07位置6二维码[87]
	S07位置6二维码[88]	INT		0					ns=4;s=上位机通讯|S07位置6二维码[88]
	S07位置6二维码[89]	INT		0					ns=4;s=上位机通讯|S07位置6二维码[89]
	S07位置6二维码[90]	INT		0					ns=4;s=上位机通讯|S07位置6二维码[90]
	S07位置6二维码[91]	INT		0					ns=4;s=上位机通讯|S07位置6二维码[91]
	S07位置6二维码[92]	INT		0					ns=4;s=上位机通讯|S07位置6二维码[92]
	S07位置6二维码[93]	INT		0					ns=4;s=上位机通讯|S07位置6二维码[93]
	S07位置6二维码[94]	INT		0					ns=4;s=上位机通讯|S07位置6二维码[94]
	S07位置6二维码[95]	INT		0					ns=4;s=上位机通讯|S07位置6二维码[95]
	S07位置6二维码[96]	INT		0					ns=4;s=上位机通讯|S07位置6二维码[96]
	S07位置6二维码[97]	INT		0					ns=4;s=上位机通讯|S07位置6二维码[97]
	S07位置6二维码[98]	INT		0					ns=4;s=上位机通讯|S07位置6二维码[98]
	S07位置6二维码[99]	INT		0					ns=4;s=上位机通讯|S07位置6二维码[99]
140	S07位置7二维码	INT[100]		...	保持	公有	PLC-PC		ns=4;s=上位机通讯|S07位置7二维码
	S07位置7二维码[0]	INT		0					ns=4;s=上位机通讯|S07位置7二维码[0]
	S07位置7二维码[1]	INT		0					ns=4;s=上位机通讯|S07位置7二维码[1]
	S07位置7二维码[2]	INT		0					ns=4;s=上位机通讯|S07位置7二维码[2]
	S07位置7二维码[3]	INT		0					ns=4;s=上位机通讯|S07位置7二维码[3]
	S07位置7二维码[4]	INT		0					ns=4;s=上位机通讯|S07位置7二维码[4]
	S07位置7二维码[5]	INT		0					ns=4;s=上位机通讯|S07位置7二维码[5]
	S07位置7二维码[6]	INT		0					ns=4;s=上位机通讯|S07位置7二维码[6]
	S07位置7二维码[7]	INT		0					ns=4;s=上位机通讯|S07位置7二维码[7]
	S07位置7二维码[8]	INT		0					ns=4;s=上位机通讯|S07位置7二维码[8]
	S07位置7二维码[9]	INT		0					ns=4;s=上位机通讯|S07位置7二维码[9]
	S07位置7二维码[10]	INT		0					ns=4;s=上位机通讯|S07位置7二维码[10]
	S07位置7二维码[11]	INT		0					ns=4;s=上位机通讯|S07位置7二维码[11]
	S07位置7二维码[12]	INT		0					ns=4;s=上位机通讯|S07位置7二维码[12]
	S07位置7二维码[13]	INT		0					ns=4;s=上位机通讯|S07位置7二维码[13]
	S07位置7二维码[14]	INT		0					ns=4;s=上位机通讯|S07位置7二维码[14]
	S07位置7二维码[15]	INT		0					ns=4;s=上位机通讯|S07位置7二维码[15]
	S07位置7二维码[16]	INT		0					ns=4;s=上位机通讯|S07位置7二维码[16]
	S07位置7二维码[17]	INT		0					ns=4;s=上位机通讯|S07位置7二维码[17]
	S07位置7二维码[18]	INT		0					ns=4;s=上位机通讯|S07位置7二维码[18]
	S07位置7二维码[19]	INT		0					ns=4;s=上位机通讯|S07位置7二维码[19]
	S07位置7二维码[20]	INT		0					ns=4;s=上位机通讯|S07位置7二维码[20]
	S07位置7二维码[21]	INT		0					ns=4;s=上位机通讯|S07位置7二维码[21]
	S07位置7二维码[22]	INT		0					ns=4;s=上位机通讯|S07位置7二维码[22]
	S07位置7二维码[23]	INT		0					ns=4;s=上位机通讯|S07位置7二维码[23]
	S07位置7二维码[24]	INT		0					ns=4;s=上位机通讯|S07位置7二维码[24]
	S07位置7二维码[25]	INT		0					ns=4;s=上位机通讯|S07位置7二维码[25]
	S07位置7二维码[26]	INT		0					ns=4;s=上位机通讯|S07位置7二维码[26]
	S07位置7二维码[27]	INT		0					ns=4;s=上位机通讯|S07位置7二维码[27]
	S07位置7二维码[28]	INT		0					ns=4;s=上位机通讯|S07位置7二维码[28]
	S07位置7二维码[29]	INT		0					ns=4;s=上位机通讯|S07位置7二维码[29]
	S07位置7二维码[30]	INT		0					ns=4;s=上位机通讯|S07位置7二维码[30]
	S07位置7二维码[31]	INT		0					ns=4;s=上位机通讯|S07位置7二维码[31]
	S07位置7二维码[32]	INT		0					ns=4;s=上位机通讯|S07位置7二维码[32]
	S07位置7二维码[33]	INT		0					ns=4;s=上位机通讯|S07位置7二维码[33]
	S07位置7二维码[34]	INT		0					ns=4;s=上位机通讯|S07位置7二维码[34]
	S07位置7二维码[35]	INT		0					ns=4;s=上位机通讯|S07位置7二维码[35]
	S07位置7二维码[36]	INT		0					ns=4;s=上位机通讯|S07位置7二维码[36]
	S07位置7二维码[37]	INT		0					ns=4;s=上位机通讯|S07位置7二维码[37]
	S07位置7二维码[38]	INT		0					ns=4;s=上位机通讯|S07位置7二维码[38]
	S07位置7二维码[39]	INT		0					ns=4;s=上位机通讯|S07位置7二维码[39]
	S07位置7二维码[40]	INT		0					ns=4;s=上位机通讯|S07位置7二维码[40]
	S07位置7二维码[41]	INT		0					ns=4;s=上位机通讯|S07位置7二维码[41]
	S07位置7二维码[42]	INT		0					ns=4;s=上位机通讯|S07位置7二维码[42]
	S07位置7二维码[43]	INT		0					ns=4;s=上位机通讯|S07位置7二维码[43]
	S07位置7二维码[44]	INT		0					ns=4;s=上位机通讯|S07位置7二维码[44]
	S07位置7二维码[45]	INT		0					ns=4;s=上位机通讯|S07位置7二维码[45]
	S07位置7二维码[46]	INT		0					ns=4;s=上位机通讯|S07位置7二维码[46]
	S07位置7二维码[47]	INT		0					ns=4;s=上位机通讯|S07位置7二维码[47]
	S07位置7二维码[48]	INT		0					ns=4;s=上位机通讯|S07位置7二维码[48]
	S07位置7二维码[49]	INT		0					ns=4;s=上位机通讯|S07位置7二维码[49]
	S07位置7二维码[50]	INT		0					ns=4;s=上位机通讯|S07位置7二维码[50]
	S07位置7二维码[51]	INT		0					ns=4;s=上位机通讯|S07位置7二维码[51]
	S07位置7二维码[52]	INT		0					ns=4;s=上位机通讯|S07位置7二维码[52]
	S07位置7二维码[53]	INT		0					ns=4;s=上位机通讯|S07位置7二维码[53]
	S07位置7二维码[54]	INT		0					ns=4;s=上位机通讯|S07位置7二维码[54]
	S07位置7二维码[55]	INT		0					ns=4;s=上位机通讯|S07位置7二维码[55]
	S07位置7二维码[56]	INT		0					ns=4;s=上位机通讯|S07位置7二维码[56]
	S07位置7二维码[57]	INT		0					ns=4;s=上位机通讯|S07位置7二维码[57]
	S07位置7二维码[58]	INT		0					ns=4;s=上位机通讯|S07位置7二维码[58]
	S07位置7二维码[59]	INT		0					ns=4;s=上位机通讯|S07位置7二维码[59]
	S07位置7二维码[60]	INT		0					ns=4;s=上位机通讯|S07位置7二维码[60]
	S07位置7二维码[61]	INT		0					ns=4;s=上位机通讯|S07位置7二维码[61]
	S07位置7二维码[62]	INT		0					ns=4;s=上位机通讯|S07位置7二维码[62]
	S07位置7二维码[63]	INT		0					ns=4;s=上位机通讯|S07位置7二维码[63]
	S07位置7二维码[64]	INT		0					ns=4;s=上位机通讯|S07位置7二维码[64]
	S07位置7二维码[65]	INT		0					ns=4;s=上位机通讯|S07位置7二维码[65]
	S07位置7二维码[66]	INT		0					ns=4;s=上位机通讯|S07位置7二维码[66]
	S07位置7二维码[67]	INT		0					ns=4;s=上位机通讯|S07位置7二维码[67]
	S07位置7二维码[68]	INT		0					ns=4;s=上位机通讯|S07位置7二维码[68]
	S07位置7二维码[69]	INT		0					ns=4;s=上位机通讯|S07位置7二维码[69]
	S07位置7二维码[70]	INT		0					ns=4;s=上位机通讯|S07位置7二维码[70]
	S07位置7二维码[71]	INT		0					ns=4;s=上位机通讯|S07位置7二维码[71]
	S07位置7二维码[72]	INT		0					ns=4;s=上位机通讯|S07位置7二维码[72]
	S07位置7二维码[73]	INT		0					ns=4;s=上位机通讯|S07位置7二维码[73]
	S07位置7二维码[74]	INT		0					ns=4;s=上位机通讯|S07位置7二维码[74]
	S07位置7二维码[75]	INT		0					ns=4;s=上位机通讯|S07位置7二维码[75]
	S07位置7二维码[76]	INT		0					ns=4;s=上位机通讯|S07位置7二维码[76]
	S07位置7二维码[77]	INT		0					ns=4;s=上位机通讯|S07位置7二维码[77]
	S07位置7二维码[78]	INT		0					ns=4;s=上位机通讯|S07位置7二维码[78]
	S07位置7二维码[79]	INT		0					ns=4;s=上位机通讯|S07位置7二维码[79]
	S07位置7二维码[80]	INT		0					ns=4;s=上位机通讯|S07位置7二维码[80]
	S07位置7二维码[81]	INT		0					ns=4;s=上位机通讯|S07位置7二维码[81]
	S07位置7二维码[82]	INT		0					ns=4;s=上位机通讯|S07位置7二维码[82]
	S07位置7二维码[83]	INT		0					ns=4;s=上位机通讯|S07位置7二维码[83]
	S07位置7二维码[84]	INT		0					ns=4;s=上位机通讯|S07位置7二维码[84]
	S07位置7二维码[85]	INT		0					ns=4;s=上位机通讯|S07位置7二维码[85]
	S07位置7二维码[86]	INT		0					ns=4;s=上位机通讯|S07位置7二维码[86]
	S07位置7二维码[87]	INT		0					ns=4;s=上位机通讯|S07位置7二维码[87]
	S07位置7二维码[88]	INT		0					ns=4;s=上位机通讯|S07位置7二维码[88]
	S07位置7二维码[89]	INT		0					ns=4;s=上位机通讯|S07位置7二维码[89]
	S07位置7二维码[90]	INT		0					ns=4;s=上位机通讯|S07位置7二维码[90]
	S07位置7二维码[91]	INT		0					ns=4;s=上位机通讯|S07位置7二维码[91]
	S07位置7二维码[92]	INT		0					ns=4;s=上位机通讯|S07位置7二维码[92]
	S07位置7二维码[93]	INT		0					ns=4;s=上位机通讯|S07位置7二维码[93]
	S07位置7二维码[94]	INT		0					ns=4;s=上位机通讯|S07位置7二维码[94]
	S07位置7二维码[95]	INT		0					ns=4;s=上位机通讯|S07位置7二维码[95]
	S07位置7二维码[96]	INT		0					ns=4;s=上位机通讯|S07位置7二维码[96]
	S07位置7二维码[97]	INT		0					ns=4;s=上位机通讯|S07位置7二维码[97]
	S07位置7二维码[98]	INT		0					ns=4;s=上位机通讯|S07位置7二维码[98]
	S07位置7二维码[99]	INT		0					ns=4;s=上位机通讯|S07位置7二维码[99]
141	S07位置8二维码	INT[100]		...	保持	公有	PLC-PC		ns=4;s=上位机通讯|S07位置8二维码
	S07位置8二维码[0]	INT		0					ns=4;s=上位机通讯|S07位置8二维码[0]
	S07位置8二维码[1]	INT		0					ns=4;s=上位机通讯|S07位置8二维码[1]
	S07位置8二维码[2]	INT		0					ns=4;s=上位机通讯|S07位置8二维码[2]
	S07位置8二维码[3]	INT		0					ns=4;s=上位机通讯|S07位置8二维码[3]
	S07位置8二维码[4]	INT		0					ns=4;s=上位机通讯|S07位置8二维码[4]
	S07位置8二维码[5]	INT		0					ns=4;s=上位机通讯|S07位置8二维码[5]
	S07位置8二维码[6]	INT		0					ns=4;s=上位机通讯|S07位置8二维码[6]
	S07位置8二维码[7]	INT		0					ns=4;s=上位机通讯|S07位置8二维码[7]
	S07位置8二维码[8]	INT		0					ns=4;s=上位机通讯|S07位置8二维码[8]
	S07位置8二维码[9]	INT		0					ns=4;s=上位机通讯|S07位置8二维码[9]
	S07位置8二维码[10]	INT		0					ns=4;s=上位机通讯|S07位置8二维码[10]
	S07位置8二维码[11]	INT		0					ns=4;s=上位机通讯|S07位置8二维码[11]
	S07位置8二维码[12]	INT		0					ns=4;s=上位机通讯|S07位置8二维码[12]
	S07位置8二维码[13]	INT		0					ns=4;s=上位机通讯|S07位置8二维码[13]
	S07位置8二维码[14]	INT		0					ns=4;s=上位机通讯|S07位置8二维码[14]
	S07位置8二维码[15]	INT		0					ns=4;s=上位机通讯|S07位置8二维码[15]
	S07位置8二维码[16]	INT		0					ns=4;s=上位机通讯|S07位置8二维码[16]
	S07位置8二维码[17]	INT		0					ns=4;s=上位机通讯|S07位置8二维码[17]
	S07位置8二维码[18]	INT		0					ns=4;s=上位机通讯|S07位置8二维码[18]
	S07位置8二维码[19]	INT		0					ns=4;s=上位机通讯|S07位置8二维码[19]
	S07位置8二维码[20]	INT		0					ns=4;s=上位机通讯|S07位置8二维码[20]
	S07位置8二维码[21]	INT		0					ns=4;s=上位机通讯|S07位置8二维码[21]
	S07位置8二维码[22]	INT		0					ns=4;s=上位机通讯|S07位置8二维码[22]
	S07位置8二维码[23]	INT		0					ns=4;s=上位机通讯|S07位置8二维码[23]
	S07位置8二维码[24]	INT		0					ns=4;s=上位机通讯|S07位置8二维码[24]
	S07位置8二维码[25]	INT		0					ns=4;s=上位机通讯|S07位置8二维码[25]
	S07位置8二维码[26]	INT		0					ns=4;s=上位机通讯|S07位置8二维码[26]
	S07位置8二维码[27]	INT		0					ns=4;s=上位机通讯|S07位置8二维码[27]
	S07位置8二维码[28]	INT		0					ns=4;s=上位机通讯|S07位置8二维码[28]
	S07位置8二维码[29]	INT		0					ns=4;s=上位机通讯|S07位置8二维码[29]
	S07位置8二维码[30]	INT		0					ns=4;s=上位机通讯|S07位置8二维码[30]
	S07位置8二维码[31]	INT		0					ns=4;s=上位机通讯|S07位置8二维码[31]
	S07位置8二维码[32]	INT		0					ns=4;s=上位机通讯|S07位置8二维码[32]
	S07位置8二维码[33]	INT		0					ns=4;s=上位机通讯|S07位置8二维码[33]
	S07位置8二维码[34]	INT		0					ns=4;s=上位机通讯|S07位置8二维码[34]
	S07位置8二维码[35]	INT		0					ns=4;s=上位机通讯|S07位置8二维码[35]
	S07位置8二维码[36]	INT		0					ns=4;s=上位机通讯|S07位置8二维码[36]
	S07位置8二维码[37]	INT		0					ns=4;s=上位机通讯|S07位置8二维码[37]
	S07位置8二维码[38]	INT		0					ns=4;s=上位机通讯|S07位置8二维码[38]
	S07位置8二维码[39]	INT		0					ns=4;s=上位机通讯|S07位置8二维码[39]
	S07位置8二维码[40]	INT		0					ns=4;s=上位机通讯|S07位置8二维码[40]
	S07位置8二维码[41]	INT		0					ns=4;s=上位机通讯|S07位置8二维码[41]
	S07位置8二维码[42]	INT		0					ns=4;s=上位机通讯|S07位置8二维码[42]
	S07位置8二维码[43]	INT		0					ns=4;s=上位机通讯|S07位置8二维码[43]
	S07位置8二维码[44]	INT		0					ns=4;s=上位机通讯|S07位置8二维码[44]
	S07位置8二维码[45]	INT		0					ns=4;s=上位机通讯|S07位置8二维码[45]
	S07位置8二维码[46]	INT		0					ns=4;s=上位机通讯|S07位置8二维码[46]
	S07位置8二维码[47]	INT		0					ns=4;s=上位机通讯|S07位置8二维码[47]
	S07位置8二维码[48]	INT		0					ns=4;s=上位机通讯|S07位置8二维码[48]
	S07位置8二维码[49]	INT		0					ns=4;s=上位机通讯|S07位置8二维码[49]
	S07位置8二维码[50]	INT		0					ns=4;s=上位机通讯|S07位置8二维码[50]
	S07位置8二维码[51]	INT		0					ns=4;s=上位机通讯|S07位置8二维码[51]
	S07位置8二维码[52]	INT		0					ns=4;s=上位机通讯|S07位置8二维码[52]
	S07位置8二维码[53]	INT		0					ns=4;s=上位机通讯|S07位置8二维码[53]
	S07位置8二维码[54]	INT		0					ns=4;s=上位机通讯|S07位置8二维码[54]
	S07位置8二维码[55]	INT		0					ns=4;s=上位机通讯|S07位置8二维码[55]
	S07位置8二维码[56]	INT		0					ns=4;s=上位机通讯|S07位置8二维码[56]
	S07位置8二维码[57]	INT		0					ns=4;s=上位机通讯|S07位置8二维码[57]
	S07位置8二维码[58]	INT		0					ns=4;s=上位机通讯|S07位置8二维码[58]
	S07位置8二维码[59]	INT		0					ns=4;s=上位机通讯|S07位置8二维码[59]
	S07位置8二维码[60]	INT		0					ns=4;s=上位机通讯|S07位置8二维码[60]
	S07位置8二维码[61]	INT		0					ns=4;s=上位机通讯|S07位置8二维码[61]
	S07位置8二维码[62]	INT		0					ns=4;s=上位机通讯|S07位置8二维码[62]
	S07位置8二维码[63]	INT		0					ns=4;s=上位机通讯|S07位置8二维码[63]
	S07位置8二维码[64]	INT		0					ns=4;s=上位机通讯|S07位置8二维码[64]
	S07位置8二维码[65]	INT		0					ns=4;s=上位机通讯|S07位置8二维码[65]
	S07位置8二维码[66]	INT		0					ns=4;s=上位机通讯|S07位置8二维码[66]
	S07位置8二维码[67]	INT		0					ns=4;s=上位机通讯|S07位置8二维码[67]
	S07位置8二维码[68]	INT		0					ns=4;s=上位机通讯|S07位置8二维码[68]
	S07位置8二维码[69]	INT		0					ns=4;s=上位机通讯|S07位置8二维码[69]
	S07位置8二维码[70]	INT		0					ns=4;s=上位机通讯|S07位置8二维码[70]
	S07位置8二维码[71]	INT		0					ns=4;s=上位机通讯|S07位置8二维码[71]
	S07位置8二维码[72]	INT		0					ns=4;s=上位机通讯|S07位置8二维码[72]
	S07位置8二维码[73]	INT		0					ns=4;s=上位机通讯|S07位置8二维码[73]
	S07位置8二维码[74]	INT		0					ns=4;s=上位机通讯|S07位置8二维码[74]
	S07位置8二维码[75]	INT		0					ns=4;s=上位机通讯|S07位置8二维码[75]
	S07位置8二维码[76]	INT		0					ns=4;s=上位机通讯|S07位置8二维码[76]
	S07位置8二维码[77]	INT		0					ns=4;s=上位机通讯|S07位置8二维码[77]
	S07位置8二维码[78]	INT		0					ns=4;s=上位机通讯|S07位置8二维码[78]
	S07位置8二维码[79]	INT		0					ns=4;s=上位机通讯|S07位置8二维码[79]
	S07位置8二维码[80]	INT		0					ns=4;s=上位机通讯|S07位置8二维码[80]
	S07位置8二维码[81]	INT		0					ns=4;s=上位机通讯|S07位置8二维码[81]
	S07位置8二维码[82]	INT		0					ns=4;s=上位机通讯|S07位置8二维码[82]
	S07位置8二维码[83]	INT		0					ns=4;s=上位机通讯|S07位置8二维码[83]
	S07位置8二维码[84]	INT		0					ns=4;s=上位机通讯|S07位置8二维码[84]
	S07位置8二维码[85]	INT		0					ns=4;s=上位机通讯|S07位置8二维码[85]
	S07位置8二维码[86]	INT		0					ns=4;s=上位机通讯|S07位置8二维码[86]
	S07位置8二维码[87]	INT		0					ns=4;s=上位机通讯|S07位置8二维码[87]
	S07位置8二维码[88]	INT		0					ns=4;s=上位机通讯|S07位置8二维码[88]
	S07位置8二维码[89]	INT		0					ns=4;s=上位机通讯|S07位置8二维码[89]
	S07位置8二维码[90]	INT		0					ns=4;s=上位机通讯|S07位置8二维码[90]
	S07位置8二维码[91]	INT		0					ns=4;s=上位机通讯|S07位置8二维码[91]
	S07位置8二维码[92]	INT		0					ns=4;s=上位机通讯|S07位置8二维码[92]
	S07位置8二维码[93]	INT		0					ns=4;s=上位机通讯|S07位置8二维码[93]
	S07位置8二维码[94]	INT		0					ns=4;s=上位机通讯|S07位置8二维码[94]
	S07位置8二维码[95]	INT		0					ns=4;s=上位机通讯|S07位置8二维码[95]
	S07位置8二维码[96]	INT		0					ns=4;s=上位机通讯|S07位置8二维码[96]
	S07位置8二维码[97]	INT		0					ns=4;s=上位机通讯|S07位置8二维码[97]
	S07位置8二维码[98]	INT		0					ns=4;s=上位机通讯|S07位置8二维码[98]
	S07位置8二维码[99]	INT		0					ns=4;s=上位机通讯|S07位置8二维码[99]
142	S07位置9二维码	INT[100]		...	保持	公有	PLC-PC		ns=4;s=上位机通讯|S07位置9二维码
	S07位置9二维码[0]	INT		0					ns=4;s=上位机通讯|S07位置9二维码[0]
	S07位置9二维码[1]	INT		0					ns=4;s=上位机通讯|S07位置9二维码[1]
	S07位置9二维码[2]	INT		0					ns=4;s=上位机通讯|S07位置9二维码[2]
	S07位置9二维码[3]	INT		0					ns=4;s=上位机通讯|S07位置9二维码[3]
	S07位置9二维码[4]	INT		0					ns=4;s=上位机通讯|S07位置9二维码[4]
	S07位置9二维码[5]	INT		0					ns=4;s=上位机通讯|S07位置9二维码[5]
	S07位置9二维码[6]	INT		0					ns=4;s=上位机通讯|S07位置9二维码[6]
	S07位置9二维码[7]	INT		0					ns=4;s=上位机通讯|S07位置9二维码[7]
	S07位置9二维码[8]	INT		0					ns=4;s=上位机通讯|S07位置9二维码[8]
	S07位置9二维码[9]	INT		0					ns=4;s=上位机通讯|S07位置9二维码[9]
	S07位置9二维码[10]	INT		0					ns=4;s=上位机通讯|S07位置9二维码[10]
	S07位置9二维码[11]	INT		0					ns=4;s=上位机通讯|S07位置9二维码[11]
	S07位置9二维码[12]	INT		0					ns=4;s=上位机通讯|S07位置9二维码[12]
	S07位置9二维码[13]	INT		0					ns=4;s=上位机通讯|S07位置9二维码[13]
	S07位置9二维码[14]	INT		0					ns=4;s=上位机通讯|S07位置9二维码[14]
	S07位置9二维码[15]	INT		0					ns=4;s=上位机通讯|S07位置9二维码[15]
	S07位置9二维码[16]	INT		0					ns=4;s=上位机通讯|S07位置9二维码[16]
	S07位置9二维码[17]	INT		0					ns=4;s=上位机通讯|S07位置9二维码[17]
	S07位置9二维码[18]	INT		0					ns=4;s=上位机通讯|S07位置9二维码[18]
	S07位置9二维码[19]	INT		0					ns=4;s=上位机通讯|S07位置9二维码[19]
	S07位置9二维码[20]	INT		0					ns=4;s=上位机通讯|S07位置9二维码[20]
	S07位置9二维码[21]	INT		0					ns=4;s=上位机通讯|S07位置9二维码[21]
	S07位置9二维码[22]	INT		0					ns=4;s=上位机通讯|S07位置9二维码[22]
	S07位置9二维码[23]	INT		0					ns=4;s=上位机通讯|S07位置9二维码[23]
	S07位置9二维码[24]	INT		0					ns=4;s=上位机通讯|S07位置9二维码[24]
	S07位置9二维码[25]	INT		0					ns=4;s=上位机通讯|S07位置9二维码[25]
	S07位置9二维码[26]	INT		0					ns=4;s=上位机通讯|S07位置9二维码[26]
	S07位置9二维码[27]	INT		0					ns=4;s=上位机通讯|S07位置9二维码[27]
	S07位置9二维码[28]	INT		0					ns=4;s=上位机通讯|S07位置9二维码[28]
	S07位置9二维码[29]	INT		0					ns=4;s=上位机通讯|S07位置9二维码[29]
	S07位置9二维码[30]	INT		0					ns=4;s=上位机通讯|S07位置9二维码[30]
	S07位置9二维码[31]	INT		0					ns=4;s=上位机通讯|S07位置9二维码[31]
	S07位置9二维码[32]	INT		0					ns=4;s=上位机通讯|S07位置9二维码[32]
	S07位置9二维码[33]	INT		0					ns=4;s=上位机通讯|S07位置9二维码[33]
	S07位置9二维码[34]	INT		0					ns=4;s=上位机通讯|S07位置9二维码[34]
	S07位置9二维码[35]	INT		0					ns=4;s=上位机通讯|S07位置9二维码[35]
	S07位置9二维码[36]	INT		0					ns=4;s=上位机通讯|S07位置9二维码[36]
	S07位置9二维码[37]	INT		0					ns=4;s=上位机通讯|S07位置9二维码[37]
	S07位置9二维码[38]	INT		0					ns=4;s=上位机通讯|S07位置9二维码[38]
	S07位置9二维码[39]	INT		0					ns=4;s=上位机通讯|S07位置9二维码[39]
	S07位置9二维码[40]	INT		0					ns=4;s=上位机通讯|S07位置9二维码[40]
	S07位置9二维码[41]	INT		0					ns=4;s=上位机通讯|S07位置9二维码[41]
	S07位置9二维码[42]	INT		0					ns=4;s=上位机通讯|S07位置9二维码[42]
	S07位置9二维码[43]	INT		0					ns=4;s=上位机通讯|S07位置9二维码[43]
	S07位置9二维码[44]	INT		0					ns=4;s=上位机通讯|S07位置9二维码[44]
	S07位置9二维码[45]	INT		0					ns=4;s=上位机通讯|S07位置9二维码[45]
	S07位置9二维码[46]	INT		0					ns=4;s=上位机通讯|S07位置9二维码[46]
	S07位置9二维码[47]	INT		0					ns=4;s=上位机通讯|S07位置9二维码[47]
	S07位置9二维码[48]	INT		0					ns=4;s=上位机通讯|S07位置9二维码[48]
	S07位置9二维码[49]	INT		0					ns=4;s=上位机通讯|S07位置9二维码[49]
	S07位置9二维码[50]	INT		0					ns=4;s=上位机通讯|S07位置9二维码[50]
	S07位置9二维码[51]	INT		0					ns=4;s=上位机通讯|S07位置9二维码[51]
	S07位置9二维码[52]	INT		0					ns=4;s=上位机通讯|S07位置9二维码[52]
	S07位置9二维码[53]	INT		0					ns=4;s=上位机通讯|S07位置9二维码[53]
	S07位置9二维码[54]	INT		0					ns=4;s=上位机通讯|S07位置9二维码[54]
	S07位置9二维码[55]	INT		0					ns=4;s=上位机通讯|S07位置9二维码[55]
	S07位置9二维码[56]	INT		0					ns=4;s=上位机通讯|S07位置9二维码[56]
	S07位置9二维码[57]	INT		0					ns=4;s=上位机通讯|S07位置9二维码[57]
	S07位置9二维码[58]	INT		0					ns=4;s=上位机通讯|S07位置9二维码[58]
	S07位置9二维码[59]	INT		0					ns=4;s=上位机通讯|S07位置9二维码[59]
	S07位置9二维码[60]	INT		0					ns=4;s=上位机通讯|S07位置9二维码[60]
	S07位置9二维码[61]	INT		0					ns=4;s=上位机通讯|S07位置9二维码[61]
	S07位置9二维码[62]	INT		0					ns=4;s=上位机通讯|S07位置9二维码[62]
	S07位置9二维码[63]	INT		0					ns=4;s=上位机通讯|S07位置9二维码[63]
	S07位置9二维码[64]	INT		0					ns=4;s=上位机通讯|S07位置9二维码[64]
	S07位置9二维码[65]	INT		0					ns=4;s=上位机通讯|S07位置9二维码[65]
	S07位置9二维码[66]	INT		0					ns=4;s=上位机通讯|S07位置9二维码[66]
	S07位置9二维码[67]	INT		0					ns=4;s=上位机通讯|S07位置9二维码[67]
	S07位置9二维码[68]	INT		0					ns=4;s=上位机通讯|S07位置9二维码[68]
	S07位置9二维码[69]	INT		0					ns=4;s=上位机通讯|S07位置9二维码[69]
	S07位置9二维码[70]	INT		0					ns=4;s=上位机通讯|S07位置9二维码[70]
	S07位置9二维码[71]	INT		0					ns=4;s=上位机通讯|S07位置9二维码[71]
	S07位置9二维码[72]	INT		0					ns=4;s=上位机通讯|S07位置9二维码[72]
	S07位置9二维码[73]	INT		0					ns=4;s=上位机通讯|S07位置9二维码[73]
	S07位置9二维码[74]	INT		0					ns=4;s=上位机通讯|S07位置9二维码[74]
	S07位置9二维码[75]	INT		0					ns=4;s=上位机通讯|S07位置9二维码[75]
	S07位置9二维码[76]	INT		0					ns=4;s=上位机通讯|S07位置9二维码[76]
	S07位置9二维码[77]	INT		0					ns=4;s=上位机通讯|S07位置9二维码[77]
	S07位置9二维码[78]	INT		0					ns=4;s=上位机通讯|S07位置9二维码[78]
	S07位置9二维码[79]	INT		0					ns=4;s=上位机通讯|S07位置9二维码[79]
	S07位置9二维码[80]	INT		0					ns=4;s=上位机通讯|S07位置9二维码[80]
	S07位置9二维码[81]	INT		0					ns=4;s=上位机通讯|S07位置9二维码[81]
	S07位置9二维码[82]	INT		0					ns=4;s=上位机通讯|S07位置9二维码[82]
	S07位置9二维码[83]	INT		0					ns=4;s=上位机通讯|S07位置9二维码[83]
	S07位置9二维码[84]	INT		0					ns=4;s=上位机通讯|S07位置9二维码[84]
	S07位置9二维码[85]	INT		0					ns=4;s=上位机通讯|S07位置9二维码[85]
	S07位置9二维码[86]	INT		0					ns=4;s=上位机通讯|S07位置9二维码[86]
	S07位置9二维码[87]	INT		0					ns=4;s=上位机通讯|S07位置9二维码[87]
	S07位置9二维码[88]	INT		0					ns=4;s=上位机通讯|S07位置9二维码[88]
	S07位置9二维码[89]	INT		0					ns=4;s=上位机通讯|S07位置9二维码[89]
	S07位置9二维码[90]	INT		0					ns=4;s=上位机通讯|S07位置9二维码[90]
	S07位置9二维码[91]	INT		0					ns=4;s=上位机通讯|S07位置9二维码[91]
	S07位置9二维码[92]	INT		0					ns=4;s=上位机通讯|S07位置9二维码[92]
	S07位置9二维码[93]	INT		0					ns=4;s=上位机通讯|S07位置9二维码[93]
	S07位置9二维码[94]	INT		0					ns=4;s=上位机通讯|S07位置9二维码[94]
	S07位置9二维码[95]	INT		0					ns=4;s=上位机通讯|S07位置9二维码[95]
	S07位置9二维码[96]	INT		0					ns=4;s=上位机通讯|S07位置9二维码[96]
	S07位置9二维码[97]	INT		0					ns=4;s=上位机通讯|S07位置9二维码[97]
	S07位置9二维码[98]	INT		0					ns=4;s=上位机通讯|S07位置9二维码[98]
	S07位置9二维码[99]	INT		0					ns=4;s=上位机通讯|S07位置9二维码[99]
143	S07位置10二维码	INT[100]		...	保持	公有	PLC-PC		ns=4;s=上位机通讯|S07位置10二维码
	S07位置10二维码[0]	INT		0					ns=4;s=上位机通讯|S07位置10二维码[0]
	S07位置10二维码[1]	INT		0					ns=4;s=上位机通讯|S07位置10二维码[1]
	S07位置10二维码[2]	INT		0					ns=4;s=上位机通讯|S07位置10二维码[2]
	S07位置10二维码[3]	INT		0					ns=4;s=上位机通讯|S07位置10二维码[3]
	S07位置10二维码[4]	INT		0					ns=4;s=上位机通讯|S07位置10二维码[4]
	S07位置10二维码[5]	INT		0					ns=4;s=上位机通讯|S07位置10二维码[5]
	S07位置10二维码[6]	INT		0					ns=4;s=上位机通讯|S07位置10二维码[6]
	S07位置10二维码[7]	INT		0					ns=4;s=上位机通讯|S07位置10二维码[7]
	S07位置10二维码[8]	INT		0					ns=4;s=上位机通讯|S07位置10二维码[8]
	S07位置10二维码[9]	INT		0					ns=4;s=上位机通讯|S07位置10二维码[9]
	S07位置10二维码[10]	INT		0					ns=4;s=上位机通讯|S07位置10二维码[10]
	S07位置10二维码[11]	INT		0					ns=4;s=上位机通讯|S07位置10二维码[11]
	S07位置10二维码[12]	INT		0					ns=4;s=上位机通讯|S07位置10二维码[12]
	S07位置10二维码[13]	INT		0					ns=4;s=上位机通讯|S07位置10二维码[13]
	S07位置10二维码[14]	INT		0					ns=4;s=上位机通讯|S07位置10二维码[14]
	S07位置10二维码[15]	INT		0					ns=4;s=上位机通讯|S07位置10二维码[15]
	S07位置10二维码[16]	INT		0					ns=4;s=上位机通讯|S07位置10二维码[16]
	S07位置10二维码[17]	INT		0					ns=4;s=上位机通讯|S07位置10二维码[17]
	S07位置10二维码[18]	INT		0					ns=4;s=上位机通讯|S07位置10二维码[18]
	S07位置10二维码[19]	INT		0					ns=4;s=上位机通讯|S07位置10二维码[19]
	S07位置10二维码[20]	INT		0					ns=4;s=上位机通讯|S07位置10二维码[20]
	S07位置10二维码[21]	INT		0					ns=4;s=上位机通讯|S07位置10二维码[21]
	S07位置10二维码[22]	INT		0					ns=4;s=上位机通讯|S07位置10二维码[22]
	S07位置10二维码[23]	INT		0					ns=4;s=上位机通讯|S07位置10二维码[23]
	S07位置10二维码[24]	INT		0					ns=4;s=上位机通讯|S07位置10二维码[24]
	S07位置10二维码[25]	INT		0					ns=4;s=上位机通讯|S07位置10二维码[25]
	S07位置10二维码[26]	INT		0					ns=4;s=上位机通讯|S07位置10二维码[26]
	S07位置10二维码[27]	INT		0					ns=4;s=上位机通讯|S07位置10二维码[27]
	S07位置10二维码[28]	INT		0					ns=4;s=上位机通讯|S07位置10二维码[28]
	S07位置10二维码[29]	INT		0					ns=4;s=上位机通讯|S07位置10二维码[29]
	S07位置10二维码[30]	INT		0					ns=4;s=上位机通讯|S07位置10二维码[30]
	S07位置10二维码[31]	INT		0					ns=4;s=上位机通讯|S07位置10二维码[31]
	S07位置10二维码[32]	INT		0					ns=4;s=上位机通讯|S07位置10二维码[32]
	S07位置10二维码[33]	INT		0					ns=4;s=上位机通讯|S07位置10二维码[33]
	S07位置10二维码[34]	INT		0					ns=4;s=上位机通讯|S07位置10二维码[34]
	S07位置10二维码[35]	INT		0					ns=4;s=上位机通讯|S07位置10二维码[35]
	S07位置10二维码[36]	INT		0					ns=4;s=上位机通讯|S07位置10二维码[36]
	S07位置10二维码[37]	INT		0					ns=4;s=上位机通讯|S07位置10二维码[37]
	S07位置10二维码[38]	INT		0					ns=4;s=上位机通讯|S07位置10二维码[38]
	S07位置10二维码[39]	INT		0					ns=4;s=上位机通讯|S07位置10二维码[39]
	S07位置10二维码[40]	INT		0					ns=4;s=上位机通讯|S07位置10二维码[40]
	S07位置10二维码[41]	INT		0					ns=4;s=上位机通讯|S07位置10二维码[41]
	S07位置10二维码[42]	INT		0					ns=4;s=上位机通讯|S07位置10二维码[42]
	S07位置10二维码[43]	INT		0					ns=4;s=上位机通讯|S07位置10二维码[43]
	S07位置10二维码[44]	INT		0					ns=4;s=上位机通讯|S07位置10二维码[44]
	S07位置10二维码[45]	INT		0					ns=4;s=上位机通讯|S07位置10二维码[45]
	S07位置10二维码[46]	INT		0					ns=4;s=上位机通讯|S07位置10二维码[46]
	S07位置10二维码[47]	INT		0					ns=4;s=上位机通讯|S07位置10二维码[47]
	S07位置10二维码[48]	INT		0					ns=4;s=上位机通讯|S07位置10二维码[48]
	S07位置10二维码[49]	INT		0					ns=4;s=上位机通讯|S07位置10二维码[49]
	S07位置10二维码[50]	INT		0					ns=4;s=上位机通讯|S07位置10二维码[50]
	S07位置10二维码[51]	INT		0					ns=4;s=上位机通讯|S07位置10二维码[51]
	S07位置10二维码[52]	INT		0					ns=4;s=上位机通讯|S07位置10二维码[52]
	S07位置10二维码[53]	INT		0					ns=4;s=上位机通讯|S07位置10二维码[53]
	S07位置10二维码[54]	INT		0					ns=4;s=上位机通讯|S07位置10二维码[54]
	S07位置10二维码[55]	INT		0					ns=4;s=上位机通讯|S07位置10二维码[55]
	S07位置10二维码[56]	INT		0					ns=4;s=上位机通讯|S07位置10二维码[56]
	S07位置10二维码[57]	INT		0					ns=4;s=上位机通讯|S07位置10二维码[57]
	S07位置10二维码[58]	INT		0					ns=4;s=上位机通讯|S07位置10二维码[58]
	S07位置10二维码[59]	INT		0					ns=4;s=上位机通讯|S07位置10二维码[59]
	S07位置10二维码[60]	INT		0					ns=4;s=上位机通讯|S07位置10二维码[60]
	S07位置10二维码[61]	INT		0					ns=4;s=上位机通讯|S07位置10二维码[61]
	S07位置10二维码[62]	INT		0					ns=4;s=上位机通讯|S07位置10二维码[62]
	S07位置10二维码[63]	INT		0					ns=4;s=上位机通讯|S07位置10二维码[63]
	S07位置10二维码[64]	INT		0					ns=4;s=上位机通讯|S07位置10二维码[64]
	S07位置10二维码[65]	INT		0					ns=4;s=上位机通讯|S07位置10二维码[65]
	S07位置10二维码[66]	INT		0					ns=4;s=上位机通讯|S07位置10二维码[66]
	S07位置10二维码[67]	INT		0					ns=4;s=上位机通讯|S07位置10二维码[67]
	S07位置10二维码[68]	INT		0					ns=4;s=上位机通讯|S07位置10二维码[68]
	S07位置10二维码[69]	INT		0					ns=4;s=上位机通讯|S07位置10二维码[69]
	S07位置10二维码[70]	INT		0					ns=4;s=上位机通讯|S07位置10二维码[70]
	S07位置10二维码[71]	INT		0					ns=4;s=上位机通讯|S07位置10二维码[71]
	S07位置10二维码[72]	INT		0					ns=4;s=上位机通讯|S07位置10二维码[72]
	S07位置10二维码[73]	INT		0					ns=4;s=上位机通讯|S07位置10二维码[73]
	S07位置10二维码[74]	INT		0					ns=4;s=上位机通讯|S07位置10二维码[74]
	S07位置10二维码[75]	INT		0					ns=4;s=上位机通讯|S07位置10二维码[75]
	S07位置10二维码[76]	INT		0					ns=4;s=上位机通讯|S07位置10二维码[76]
	S07位置10二维码[77]	INT		0					ns=4;s=上位机通讯|S07位置10二维码[77]
	S07位置10二维码[78]	INT		0					ns=4;s=上位机通讯|S07位置10二维码[78]
	S07位置10二维码[79]	INT		0					ns=4;s=上位机通讯|S07位置10二维码[79]
	S07位置10二维码[80]	INT		0					ns=4;s=上位机通讯|S07位置10二维码[80]
	S07位置10二维码[81]	INT		0					ns=4;s=上位机通讯|S07位置10二维码[81]
	S07位置10二维码[82]	INT		0					ns=4;s=上位机通讯|S07位置10二维码[82]
	S07位置10二维码[83]	INT		0					ns=4;s=上位机通讯|S07位置10二维码[83]
	S07位置10二维码[84]	INT		0					ns=4;s=上位机通讯|S07位置10二维码[84]
	S07位置10二维码[85]	INT		0					ns=4;s=上位机通讯|S07位置10二维码[85]
	S07位置10二维码[86]	INT		0					ns=4;s=上位机通讯|S07位置10二维码[86]
	S07位置10二维码[87]	INT		0					ns=4;s=上位机通讯|S07位置10二维码[87]
	S07位置10二维码[88]	INT		0					ns=4;s=上位机通讯|S07位置10二维码[88]
	S07位置10二维码[89]	INT		0					ns=4;s=上位机通讯|S07位置10二维码[89]
	S07位置10二维码[90]	INT		0					ns=4;s=上位机通讯|S07位置10二维码[90]
	S07位置10二维码[91]	INT		0					ns=4;s=上位机通讯|S07位置10二维码[91]
	S07位置10二维码[92]	INT		0					ns=4;s=上位机通讯|S07位置10二维码[92]
	S07位置10二维码[93]	INT		0					ns=4;s=上位机通讯|S07位置10二维码[93]
	S07位置10二维码[94]	INT		0					ns=4;s=上位机通讯|S07位置10二维码[94]
	S07位置10二维码[95]	INT		0					ns=4;s=上位机通讯|S07位置10二维码[95]
	S07位置10二维码[96]	INT		0					ns=4;s=上位机通讯|S07位置10二维码[96]
	S07位置10二维码[97]	INT		0					ns=4;s=上位机通讯|S07位置10二维码[97]
	S07位置10二维码[98]	INT		0					ns=4;s=上位机通讯|S07位置10二维码[98]
	S07位置10二维码[99]	INT		0					ns=4;s=上位机通讯|S07位置10二维码[99]
